
INSERT INTO `phenotype_pipeline` VALUES (1,'IMPC_001',6,'IMPC Pipeline','The IMPC Pipeline is a core set of Procedures and Parameters to be collected by all phenotyping centers.',1,1,7,0);
INSERT INTO `phenotype_pipeline` VALUES (6,'UCD_001',6,'UCD Pipeline','',1,0,13,0);
INSERT INTO `phenotype_pipeline` VALUES (31,'ESLIM_002',6,'EUMODIC Pipeline 2','EUMODIC Pipeline 2',1,0,2,0);

INSERT INTO `phenotype_procedure` VALUES (63,150,'IMPC_HEM_002',6,'Hematology','Hematological assessment of blood determines blood cell counts (white blood cells, red blood cells, hemoglobin, and platelets) and additional hematological parameters (hematocrit, mean cell volume, mean corpuscular hemoglobin, mean cell hemoglobin concentration) can be derived using these indices. These tests will indicate abnormalities in the production of blood and its components (blood cells and hemoglobin) as well as in the associated blood-forming organs.&nbsp;Ontological description: MP:0002429 - abnormal blood cell morphology/development.',2,9,1,'experiment','Terminal','Week 16',0);
INSERT INTO `phenotype_procedure` VALUES (237,19,'ESLIM_016_001',6,'Haematology','For the determination of blood cell counts (white blood cells, red blood cells, platelets), haemoglobin measurement and the calculation of haematological indexes (mean cell volume, mean corpuscular haemoglobin and mean cell haemoglobin concentration). Haematology measurements are obtained using either the Beckman Coulter AcT Diff or Siemens Advia 2120.',1,0,0,'experiment','Adult','Week 13',0);
INSERT INTO `phenotype_procedure` VALUES (58,94,'IMPC_EYE_001',6,'Eye Morphology','To detect abnormalities in eye morphology.',1,9,1,'experiment','Adult','Week 15',0);
INSERT INTO `phenotype_procedure` VALUES (59,267,'IMPC_EYE_002',6,'Eye Morphology','To detect abnormalities in eye morphology.',2,8,1,'experiment','Adult','Week 15',0);

INSERT INTO `phenotype_parameter` VALUES (2271,'IMPC_HEM_001_001',6,'White blood cell count','white_blood_cell_count',1,3,'10^3/ul ','FLOAT','simpleParameter',NULL,                         1,0,0,0,1,0,0,0,0,'',1921);
INSERT INTO `phenotype_parameter` VALUES (2272,'IMPC_HEM_002_001',6,'Red blood cell count','red_blood_cell_count',1,3,'10^6/ul','FLOAT','simpleParameter',NULL,                              1,0,0,0,1,0,0,0,0,'',1922);
INSERT INTO `phenotype_parameter` VALUES (8573,'ESLIM_016_001_001',6,'White blood cell count ','White_blood_cell_count',1,0,'10^3/ul ','FLOAT','simpleParameter',NULL,                       1,0,0,0,1,0,0,0,0,'',520);
INSERT INTO `phenotype_parameter` VALUES (8574,'ESLIM_016_001_002',6,'Red blood cell count  ','Red_blood_cell_count',1,0,'10^6/ul','FLOAT','simpleParameter',NULL,                           1,0,0,0,1,0,0,0,0,'',521);
INSERT INTO `phenotype_parameter` VALUES (8575,'ESLIM_016_001_003',6,'Haemoglobin','Haemoglobin',1,0,'g/dl','FLOAT','simpleParameter',NULL,                                                  1,0,0,0,1,0,0,0,0,'',522);
INSERT INTO `phenotype_parameter` VALUES (8576,'ESLIM_016_001_004',6,'Haematocrit','Haematocrit',1,0,'%','FLOAT','simpleParameter',NULL,                                                     1,0,0,0,1,0,0,0,0,'',523);
INSERT INTO `phenotype_parameter` VALUES (8577,'ESLIM_016_001_005',6,'Mean cell volume','Mean_cell_volume',1,0,'fl','FLOAT','simpleParameter',NULL,                                          1,0,0,0,1,0,0,0,0,'',524);
INSERT INTO `phenotype_parameter` VALUES (8578,'ESLIM_016_001_006',6,'Mean corpuscular haemoglobin','Mean_corpuscular_haemoglobin',1,0,'pg','FLOAT','simpleParameter',NULL,                  1,0,0,0,1,0,0,0,0,'',525);
INSERT INTO `phenotype_parameter` VALUES (8579,'ESLIM_016_001_007',6,'Mean cell haemoglobin concentration  ','Mean_cell_haemoglobin_concentration',1,0,'g/dl','FLOAT','simpleParameter',NULL,1,0,0,0,1,0,0,0,0,'',526);
INSERT INTO `phenotype_parameter` VALUES (8580,'ESLIM_016_001_008',6,'Platelets count','Platelets_count',1,0,'10^3/ul ','FLOAT','simpleParameter',NULL,                                      1,0,0,0,1,0,0,0,0,'',527);
INSERT INTO `phenotype_parameter` VALUES (2135,'IMPC_EYE_092_001',6,'Retina (combined)','',1,0,' ','TEXT','simpleParameter','IMPC_EYE_020_001 IMPC_EYE_021_001 IMPC_EYE_022_001 if_abnormal',0,0,0,1,1,0,0,0,0,'',7290);


INSERT INTO phenotype_parameter_lnk_ontology_annotation (annotation_id, parameter_id) VALUES (2766, 2271);
INSERT INTO phenotype_parameter_lnk_ontology_annotation (annotation_id, parameter_id) VALUES (2767, 2271);
INSERT INTO phenotype_parameter_lnk_ontology_annotation (annotation_id, parameter_id) VALUES (2768, 2271);
INSERT INTO phenotype_parameter_lnk_ontology_annotation (annotation_id, parameter_id) VALUES (2769, 2272);
INSERT INTO phenotype_parameter_lnk_ontology_annotation (annotation_id, parameter_id) VALUES (2770, 2272);
INSERT INTO phenotype_parameter_lnk_ontology_annotation (annotation_id, parameter_id) VALUES (2771, 2272);

INSERT INTO `phenotype_parameter_lnk_ontology_annotation` VALUES (36985,8573);
INSERT INTO `phenotype_parameter_lnk_ontology_annotation` VALUES (36986,8573);
INSERT INTO `phenotype_parameter_lnk_ontology_annotation` VALUES (36987,8574);
INSERT INTO `phenotype_parameter_lnk_ontology_annotation` VALUES (36988,8574);
INSERT INTO `phenotype_parameter_lnk_ontology_annotation` VALUES (36989,8575);
INSERT INTO `phenotype_parameter_lnk_ontology_annotation` VALUES (36990,8575);
INSERT INTO `phenotype_parameter_lnk_ontology_annotation` VALUES (36991,8576);
INSERT INTO `phenotype_parameter_lnk_ontology_annotation` VALUES (36992,8576);
INSERT INTO `phenotype_parameter_lnk_ontology_annotation` VALUES (36993,8577);
INSERT INTO `phenotype_parameter_lnk_ontology_annotation` VALUES (36994,8577);
INSERT INTO `phenotype_parameter_lnk_ontology_annotation` VALUES (36995,8578);
INSERT INTO `phenotype_parameter_lnk_ontology_annotation` VALUES (36996,8578);
INSERT INTO `phenotype_parameter_lnk_ontology_annotation` VALUES (36997,8579);
INSERT INTO `phenotype_parameter_lnk_ontology_annotation` VALUES (36998,8579);
INSERT INTO `phenotype_parameter_lnk_ontology_annotation` VALUES (36999,8580);
INSERT INTO `phenotype_parameter_lnk_ontology_annotation` VALUES (37000,8580);


INSERT INTO phenotype_parameter_ontology_annotation (id, event_type, option_id, ontology_acc, ontology_db_id, sex) VALUES (2766, 'increased', null, 'MP:0000218', 5, null);
INSERT INTO phenotype_parameter_ontology_annotation (id, event_type, option_id, ontology_acc, ontology_db_id, sex) VALUES (2767, 'decreased', null, 'MP:0000221', 5, null);
INSERT INTO phenotype_parameter_ontology_annotation (id, event_type, option_id, ontology_acc, ontology_db_id, sex) VALUES (2768, 'abnormal', null, 'MP:0000217', 5, null);
INSERT INTO phenotype_parameter_ontology_annotation (id, event_type, option_id, ontology_acc, ontology_db_id, sex) VALUES (2769, 'increased', null, 'MP:0003131', 5, null);
INSERT INTO phenotype_parameter_ontology_annotation (id, event_type, option_id, ontology_acc, ontology_db_id, sex) VALUES (2770, 'decreased', null, 'MP:0002875', 5, null);
INSERT INTO phenotype_parameter_ontology_annotation (id, event_type, option_id, ontology_acc, ontology_db_id, sex) VALUES (2771, 'abnormal', null, 'MP:0001586', 5, null);

INSERT INTO `phenotype_parameter_ontology_annotation` VALUES (36985,'decreased',NULL,'MP:0000221',5,NULL);
INSERT INTO `phenotype_parameter_ontology_annotation` VALUES (36986,'increased',NULL,'MP:0000218',5,NULL);
INSERT INTO `phenotype_parameter_ontology_annotation` VALUES (36987,'decreased',NULL,'MP:0002875',5,NULL);
INSERT INTO `phenotype_parameter_ontology_annotation` VALUES (36988,'increased',NULL,'MP:0003131',5,NULL);
INSERT INTO `phenotype_parameter_ontology_annotation` VALUES (36989,'decreased',NULL,'MP:0002874',5,NULL);
INSERT INTO `phenotype_parameter_ontology_annotation` VALUES (36990,'increased',NULL,'MP:0005564',5,NULL);
INSERT INTO `phenotype_parameter_ontology_annotation` VALUES (36991,'decreased',NULL,'MP:0000208',5,NULL);
INSERT INTO `phenotype_parameter_ontology_annotation` VALUES (36992,'increased',NULL,'MP:0002608',5,NULL);
INSERT INTO `phenotype_parameter_ontology_annotation` VALUES (36993,'decreased',NULL,'MP:0002591',5,NULL);
INSERT INTO `phenotype_parameter_ontology_annotation` VALUES (36994,'increased',NULL,'MP:0002590',5,NULL);
INSERT INTO `phenotype_parameter_ontology_annotation` VALUES (36995,'decreased',NULL,'MP:0005642',5,NULL);
INSERT INTO `phenotype_parameter_ontology_annotation` VALUES (36996,'increased',NULL,'MP:0005641',5,NULL);
INSERT INTO `phenotype_parameter_ontology_annotation` VALUES (36997,'decreased',NULL,'MP:0002874',5,NULL);
INSERT INTO `phenotype_parameter_ontology_annotation` VALUES (36998,'increased',NULL,'MP:0005564',5,NULL);
INSERT INTO `phenotype_parameter_ontology_annotation` VALUES (36999,'decreased',NULL,'MP:0003179',5,NULL);
INSERT INTO `phenotype_parameter_ontology_annotation` VALUES (37000,'increased',NULL,'MP:0005505',5,NULL);

INSERT INTO ontology_term (acc, db_id, name, description, is_obsolete, replacement_acc) VALUES ('MP:0000218', 5, 'increased leukocyte cell number', 'greater than normal number of nucleated cells of the myeloid or lymphoid lineages, found in blood or other tissue', 0, null);
INSERT INTO ontology_term (acc, db_id, name, description, is_obsolete, replacement_acc) VALUES ('MP:0000221', 5, 'decreased leukocyte cell number', 'reduction in the number of nucleated cells of the myeloid or lymphoid lineages, found in blood or other tissue', 0, null);
INSERT INTO ontology_term (acc, db_id, name, description, is_obsolete, replacement_acc) VALUES ('MP:0000217', 5, 'abnormal leukocyte cell number', 'any anomaly in the number of nucleated cells of the myeloid or lymphoid lineages, found in blood or other tissue', 0, null);
INSERT INTO ontology_term (acc, db_id, name, description, is_obsolete, replacement_acc) VALUES ('MP:0003131', 5, 'increased erythrocyte cell number', 'greater number of the cells that transport oxygen, red blood cells, per unit', 0, null);
INSERT INTO ontology_term (acc, db_id, name, description, is_obsolete, replacement_acc) VALUES ('MP:0002875', 5, 'decreased erythrocyte cell number', 'reduced number of the cells that transport oxygen, red blood cells, per unit', 0, null);
INSERT INTO ontology_term (acc, db_id, name, description, is_obsolete, replacement_acc) VALUES ('MP:0001586', 5, 'abnormal erythrocyte cell number', 'altered number of the cells that transport oxygen, red blood cells, per unit', 0, null);

INSERT INTO `ontology_term` VALUES ('MP:0000208',5,'decreased hematocrit','less than the average percentage of a volume of a blood sample occupied by red blood cells',0,NULL);
INSERT INTO `ontology_term` VALUES ('MP:0002874',5,'decreased hemoglobin content','decrease in the total hemoglobin content in the circulating blood',0,NULL);
INSERT INTO `ontology_term` VALUES ('MP:0002591',5,'decreased mean corpuscular volume','less than the average amount of space occupied by each red blood cell, calculated from the hematocrit and red cell count, in erythrocyte indices',0,NULL);
INSERT INTO `ontology_term` VALUES ('MP:0002590',5,'increased mean corpuscular volume','greater than the average amount of space occupied by each red blood cell, calculated from the hematocrit and red cell count, in erythrocyte indices',0,NULL);
INSERT INTO `ontology_term` VALUES ('MP:0002608',5,'increased hematocrit','greater than average percentage of a volume of a blood sample occupied by red blood cells',0,NULL);
INSERT INTO `ontology_term` VALUES ('MP:0003179',5,'thrombocytopenia','fewer than the normal numbers of the non-nucleated cells found in the blood and involved in blood coagulation',0,NULL);
INSERT INTO `ontology_term` VALUES ('MP:0005564',5,'increased hemoglobin content','increase in the total hemoglobin content in the circulating blood',0,NULL);
INSERT INTO `ontology_term` VALUES ('MP:0005642',5,'decreased mean corpuscular hemoglobin concentration','less than the normal Hgb/Hct; the average hemoglobin concentration in a given volume of packed red cells, calculated from the hemoglobin therein and the hematocrit, in erythrocyte indices',0,NULL);
INSERT INTO `ontology_term` VALUES ('MP:0005641',5,'increased mean corpuscular hemoglobin concentration','greater than the normal Hgb/Hct; the average hemoglobin concentration in a given volume of packed red cells, calculated from the hemoglobin therein and the hematocrit, in erythrocyte indices',0,NULL);
INSERT INTO `ontology_term` VALUES ('MP:0005505',5,'thrombocytosis','greater than the normal numbers of the non-nucleated cells found in the blood and involved in blood coagulation',0,NULL);

INSERT INTO `genomic_feature` VALUES ('MGI:2444306',3,'Nalcn','sodium leak channel, non-selective','1',2,'2',2,14,123276634,123627144,-1,'66.04','active');
INSERT INTO `genomic_feature` VALUES ('MGI:2657115',3,'Fam151a','family with sequence simliarity 151, member A','1',2,'2',2,4,106733889,106748292,1,'49.74','active');
INSERT INTO `genomic_feature` VALUES ('MGI:101770',3,'Bfsp1','beaded filament structural protein 1, in lens-CP94','1',2,'2',2,2,143826528,143863173,-1,'70.89','active');
INSERT INTO `genomic_feature` VALUES ('MGI:894323',3,'Ranbp2','RAN binding protein 2','1',2,'2',2,10,58446852,58494155,1,'29.34','active');
INSERT INTO `genomic_feature` VALUES ('MGI:1349444',3,'Haao','3-hydroxyanthranilate 3,4-dioxygenase','1',2,'2',2,17,83831356,83846790,-1,'54.85','active');
INSERT INTO `genomic_feature` VALUES ('MGI:104874',3,'Akt2','thymoma viral proto-oncogene 2','1',2,'2',2,7,27591552,27640826,1,'15.94','active');

INSERT INTO `allele` VALUES ('NULL-261723657',22,'MGI:2444306',3,'CV:000000101',3,'Nalcn<em1(IMPC)Mbp>','Nalcn<em1(IMPC)Mbp>');
INSERT INTO `allele` VALUES ('MGI:5583078',3,'MGI:2657115',3,'CV:000000101',3,'Fam151a<tm1b(KOMP)Wtsi>','targeted mutation 1b, Wellcome Trust Sanger Institute');
INSERT INTO `allele` VALUES ('MGI:5696874',3,'MGI:101770',3,'CV:000000101',3,'Bfsp1<tm1b(EUCOMM)Wtsi>','targeted mutation 1b, Wellcome Trust Sanger Institute');
INSERT INTO `allele` VALUES ('MGI:5583083',3,'MGI:894323',3,'CV:000000101',3,'Ranbp2<tm1.1(KOMP)Vlcg>','targeted mutation 1.1, Velocigene');
INSERT INTO `allele` VALUES ('MGI:5766263',3,'MGI:1349444',3,'CV:000000101',3,'Haao<tm2b(KOMP)Mbp>','targeted mutation 2b, Mouse Biology Program, UCDavis');
INSERT INTO `allele` VALUES ('MGI:5760356',3,'MGI:104874',3,'CV:000000101',3,'Akt2<tm1Wcs>','targeted mutation 1, William C Skarnes');

INSERT INTO `strain` VALUES ('MGI:2683688',3,'CV:00000025',3,'C57BL/6NCrl');
INSERT INTO `strain` VALUES ('MGI:3050593',3,'CV:00000025',3,'129S/SvEv');

INSERT INTO `phenotyped_colony` VALUES (688,'BL3825','EPD0166_4_B04','MGI:2657115',3,'Fam151a<tm1b(KOMP)Wtsi>','C57BL/6NCrl','MGI:2683688',2,12,32,12);
INSERT INTO `phenotyped_colony` VALUES (704,'BL3938','14451B-F6','MGI:894323',3,'Ranbp2<tm1.1(KOMP)Vlcg>','C57BL/6NCrl','MGI:2683688',2,12,32,12);
INSERT INTO `phenotyped_colony` VALUES (705,'BL3938_TCP','14451B-F6','MGI:894323',3,'Ranbp2<tm1.1(KOMP)Vlcg>','C57BL/6NCrl','MGI:2683688',27,12,32,12);
INSERT INTO `phenotyped_colony` VALUES (1348,'CR842','','MGI:2444306',3,'Nalcn<em1(IMPC)Mbp>','C57BL/6NCrl','MGI:2683688',2,12,2,12);
INSERT INTO `phenotyped_colony` VALUES (2473,'ET9321','DEPD00591_2_A10','MGI:1349444',3,'Haao<tm2b(KOMP)Mbp>','C57BL/6NCrl','MGI:2683688',2,12,32,12);
INSERT INTO `phenotyped_colony` VALUES (7237,'TCPA0975Cre','EPD0431_4_C04','MGI:101770',3,'Bfsp1<tm1b(EUCOMM)Wtsi>','C57BL/6NCrl','MGI:2683688',2,12,32,12);


CREATE TABLE IF NOT EXISTS procedure_colony_id
(
  procedure_stable_id varchar(30)  not null,
  colony_id           varchar(100) not null
);

INSERT INTO procedure_colony_id (procedure_stable_id, colony_id) VALUES ('IMPC_GRS_001', 'BL3825');
INSERT INTO procedure_colony_id (procedure_stable_id, colony_id) VALUES ('IMPC_HEM_002', 'BL3825');
INSERT INTO procedure_colony_id (procedure_stable_id, colony_id) VALUES ('IMPC_HWT_001', 'BL3825');
INSERT INTO procedure_colony_id (procedure_stable_id, colony_id) VALUES ('IMPC_IPG_001', 'BL3825');
INSERT INTO procedure_colony_id (procedure_stable_id, colony_id) VALUES ('IMPC_ABR_002', 'BL3825');
INSERT INTO procedure_colony_id (procedure_stable_id, colony_id) VALUES ('IMPC_PAT_002', 'BL3825');
INSERT INTO procedure_colony_id (procedure_stable_id, colony_id) VALUES ('IMPC_ECG_001', 'BL3825');
INSERT INTO procedure_colony_id (procedure_stable_id, colony_id) VALUES ('IMPC_BWT_001', 'BL3825');
INSERT INTO procedure_colony_id (procedure_stable_id, colony_id) VALUES ('IMPC_DXA_001', 'BL3825');
INSERT INTO procedure_colony_id (procedure_stable_id, colony_id) VALUES ('IMPC_CBC_003', 'BL3825');
INSERT INTO procedure_colony_id (procedure_stable_id, colony_id) VALUES ('IMPC_CSD_002', 'BL3825');
INSERT INTO procedure_colony_id (procedure_stable_id, colony_id) VALUES ('IMPC_INS_003', 'BL3825');
INSERT INTO procedure_colony_id (procedure_stable_id, colony_id) VALUES ('IMPC_ACS_003', 'BL3825');
INSERT INTO procedure_colony_id (procedure_stable_id, colony_id) VALUES ('IMPC_EYE_001', 'BL3825');
INSERT INTO procedure_colony_id (procedure_stable_id, colony_id) VALUES ('IMPC_OFD_001', 'BL3825');
INSERT INTO procedure_colony_id (procedure_stable_id, colony_id) VALUES ('IMPC_XRY_001', 'BL3825');
INSERT INTO procedure_colony_id (procedure_stable_id, colony_id) VALUES ('IMPC_CAL_003', 'BL3825');
INSERT INTO procedure_colony_id (procedure_stable_id, colony_id) VALUES ('IMPC_BWT_001', 'BL3938');
INSERT INTO procedure_colony_id (procedure_stable_id, colony_id) VALUES ('IMPC_IPG_001', 'BL3938');
INSERT INTO procedure_colony_id (procedure_stable_id, colony_id) VALUES ('IMPC_ECG_001', 'BL3938');
INSERT INTO procedure_colony_id (procedure_stable_id, colony_id) VALUES ('IMPC_OFD_001', 'BL3938');
INSERT INTO procedure_colony_id (procedure_stable_id, colony_id) VALUES ('IMPC_PAT_002', 'BL3938');
INSERT INTO procedure_colony_id (procedure_stable_id, colony_id) VALUES ('IMPC_CBC_003', 'BL3938');
INSERT INTO procedure_colony_id (procedure_stable_id, colony_id) VALUES ('IMPC_XRY_001', 'BL3938');
INSERT INTO procedure_colony_id (procedure_stable_id, colony_id) VALUES ('IMPC_GRS_001', 'BL3938');
INSERT INTO procedure_colony_id (procedure_stable_id, colony_id) VALUES ('IMPC_EYE_001', 'BL3938');
INSERT INTO procedure_colony_id (procedure_stable_id, colony_id) VALUES ('IMPC_HWT_001', 'BL3938');
INSERT INTO procedure_colony_id (procedure_stable_id, colony_id) VALUES ('IMPC_HEM_002', 'BL3938');
INSERT INTO procedure_colony_id (procedure_stable_id, colony_id) VALUES ('IMPC_DXA_001', 'BL3938');
INSERT INTO procedure_colony_id (procedure_stable_id, colony_id) VALUES ('IMPC_INS_003', 'BL3938');
INSERT INTO procedure_colony_id (procedure_stable_id, colony_id) VALUES ('IMPC_ACS_003', 'BL3938');
INSERT INTO procedure_colony_id (procedure_stable_id, colony_id) VALUES ('IMPC_CSD_002', 'BL3938');
INSERT INTO procedure_colony_id (procedure_stable_id, colony_id) VALUES ('IMPC_ABR_002', 'BL3938');
INSERT INTO procedure_colony_id (procedure_stable_id, colony_id) VALUES ('IMPC_CSD_003', 'BL3938');
INSERT INTO procedure_colony_id (procedure_stable_id, colony_id) VALUES ('IMPC_GEL_003', 'BL3938_TCP');
INSERT INTO procedure_colony_id (procedure_stable_id, colony_id) VALUES ('IMPC_GPL_001', 'BL3938_TCP');
INSERT INTO procedure_colony_id (procedure_stable_id, colony_id) VALUES ('IMPC_GPM_001', 'BL3938_TCP');
INSERT INTO procedure_colony_id (procedure_stable_id, colony_id) VALUES ('IMPC_GEM_003', 'BL3938_TCP');
INSERT INTO procedure_colony_id (procedure_stable_id, colony_id) VALUES ('IMPC_ELZ_001', 'BL3938_TCP');
INSERT INTO procedure_colony_id (procedure_stable_id, colony_id) VALUES ('IMPC_GEM_003', 'CR842');
INSERT INTO procedure_colony_id (procedure_stable_id, colony_id) VALUES ('IMPC_GRS_001', 'CR842');
INSERT INTO procedure_colony_id (procedure_stable_id, colony_id) VALUES ('IMPC_DXA_001', 'CR842');
INSERT INTO procedure_colony_id (procedure_stable_id, colony_id) VALUES ('IMPC_CSD_003', 'CR842');
INSERT INTO procedure_colony_id (procedure_stable_id, colony_id) VALUES ('IMPC_ECG_001', 'CR842');
INSERT INTO procedure_colony_id (procedure_stable_id, colony_id) VALUES ('IMPC_CBC_003', 'CR842');
INSERT INTO procedure_colony_id (procedure_stable_id, colony_id) VALUES ('IMPC_IPG_001', 'CR842');
INSERT INTO procedure_colony_id (procedure_stable_id, colony_id) VALUES ('IMPC_PAT_002', 'CR842');
INSERT INTO procedure_colony_id (procedure_stable_id, colony_id) VALUES ('IMPC_ABR_002', 'CR842');
INSERT INTO procedure_colony_id (procedure_stable_id, colony_id) VALUES ('IMPC_HEM_002', 'CR842');
INSERT INTO procedure_colony_id (procedure_stable_id, colony_id) VALUES ('IMPC_HWT_001', 'CR842');
INSERT INTO procedure_colony_id (procedure_stable_id, colony_id) VALUES ('IMPC_BWT_001', 'CR842');
INSERT INTO procedure_colony_id (procedure_stable_id, colony_id) VALUES ('IMPC_CAL_003', 'CR842');
INSERT INTO procedure_colony_id (procedure_stable_id, colony_id) VALUES ('IMPC_ACS_003', 'CR842');
INSERT INTO procedure_colony_id (procedure_stable_id, colony_id) VALUES ('IMPC_EYE_001', 'CR842');
INSERT INTO procedure_colony_id (procedure_stable_id, colony_id) VALUES ('IMPC_BWT_001', 'ET9321');
INSERT INTO procedure_colony_id (procedure_stable_id, colony_id) VALUES ('IMPC_ACS_003', 'ET9321');
INSERT INTO procedure_colony_id (procedure_stable_id, colony_id) VALUES ('IMPC_HWT_001', 'ET9321');
INSERT INTO procedure_colony_id (procedure_stable_id, colony_id) VALUES ('IMPC_DXA_001', 'ET9321');
INSERT INTO procedure_colony_id (procedure_stable_id, colony_id) VALUES ('IMPC_EYE_001', 'ET9321');
INSERT INTO procedure_colony_id (procedure_stable_id, colony_id) VALUES ('IMPC_IPG_001', 'ET9321');
INSERT INTO procedure_colony_id (procedure_stable_id, colony_id) VALUES ('IMPC_HEM_002', 'ET9321');
INSERT INTO procedure_colony_id (procedure_stable_id, colony_id) VALUES ('IMPC_CAL_003', 'ET9321');
INSERT INTO procedure_colony_id (procedure_stable_id, colony_id) VALUES ('IMPC_ECG_001', 'ET9321');
INSERT INTO procedure_colony_id (procedure_stable_id, colony_id) VALUES ('IMPC_INS_003', 'ET9321');
INSERT INTO procedure_colony_id (procedure_stable_id, colony_id) VALUES ('IMPC_GRS_001', 'ET9321');
INSERT INTO procedure_colony_id (procedure_stable_id, colony_id) VALUES ('IMPC_CBC_003', 'ET9321');
INSERT INTO procedure_colony_id (procedure_stable_id, colony_id) VALUES ('IMPC_OFD_001', 'ET9321');
INSERT INTO procedure_colony_id (procedure_stable_id, colony_id) VALUES ('IMPC_CSD_003', 'ET9321');
INSERT INTO procedure_colony_id (procedure_stable_id, colony_id) VALUES ('IMPC_XRY_001', 'ET9321');
INSERT INTO procedure_colony_id (procedure_stable_id, colony_id) VALUES ('IMPC_PAT_002', 'ET9321');
INSERT INTO procedure_colony_id (procedure_stable_id, colony_id) VALUES ('IMPC_ABR_002', 'ET9321');
INSERT INTO procedure_colony_id (procedure_stable_id, colony_id) VALUES ('IMPC_CSD_003', 'TCPA0975Cre');
INSERT INTO procedure_colony_id (procedure_stable_id, colony_id) VALUES ('IMPC_CBC_003', 'TCPA0975Cre');
INSERT INTO procedure_colony_id (procedure_stable_id, colony_id) VALUES ('IMPC_BWT_001', 'TCPA0975Cre');
INSERT INTO procedure_colony_id (procedure_stable_id, colony_id) VALUES ('IMPC_PAT_002', 'TCPA0975Cre');
INSERT INTO procedure_colony_id (procedure_stable_id, colony_id) VALUES ('IMPC_IPG_001', 'TCPA0975Cre');
INSERT INTO procedure_colony_id (procedure_stable_id, colony_id) VALUES ('IMPC_GRS_001', 'TCPA0975Cre');
INSERT INTO procedure_colony_id (procedure_stable_id, colony_id) VALUES ('IMPC_ACS_003', 'TCPA0975Cre');
INSERT INTO procedure_colony_id (procedure_stable_id, colony_id) VALUES ('IMPC_INS_003', 'TCPA0975Cre');
INSERT INTO procedure_colony_id (procedure_stable_id, colony_id) VALUES ('IMPC_CAL_003', 'TCPA0975Cre');
INSERT INTO procedure_colony_id (procedure_stable_id, colony_id) VALUES ('IMPC_DXA_001', 'TCPA0975Cre');
INSERT INTO procedure_colony_id (procedure_stable_id, colony_id) VALUES ('IMPC_HEM_002', 'TCPA0975Cre');
INSERT INTO procedure_colony_id (procedure_stable_id, colony_id) VALUES ('IMPC_XRY_001', 'TCPA0975Cre');
INSERT INTO procedure_colony_id (procedure_stable_id, colony_id) VALUES ('IMPC_ECG_001', 'TCPA0975Cre');
INSERT INTO procedure_colony_id (procedure_stable_id, colony_id) VALUES ('IMPC_ABR_002', 'TCPA0975Cre');
INSERT INTO procedure_colony_id (procedure_stable_id, colony_id) VALUES ('IMPC_ALZ_001', 'TCPA0975Cre');
INSERT INTO `procedure_colony_id` VALUES ('ESLIM_008_001','clone 1');
INSERT INTO `procedure_colony_id` VALUES ('ESLIM_011_001','clone 1');
INSERT INTO `procedure_colony_id` VALUES ('ESLIM_015_001','clone 1');
INSERT INTO `procedure_colony_id` VALUES ('ESLIM_009_001','clone 1');
INSERT INTO `procedure_colony_id` VALUES ('ESLIM_016_001','clone 1');
INSERT INTO `procedure_colony_id` VALUES ('ESLIM_010_001','clone 1');
INSERT INTO `procedure_colony_id` VALUES ('ESLIM_007_001','clone 1');
INSERT INTO `procedure_colony_id` VALUES ('ESLIM_012_001','clone 1');
INSERT INTO `procedure_colony_id` VALUES ('ESLIM_022_001','clone 1');
INSERT INTO `procedure_colony_id` VALUES ('ESLIM_006_001','clone 1');
INSERT INTO `procedure_colony_id` VALUES ('ESLIM_001_001','clone 1');
INSERT INTO `procedure_colony_id` VALUES ('ESLIM_004_001','clone 1');
INSERT INTO `procedure_colony_id` VALUES ('ESLIM_005_001','clone 1');
INSERT INTO `procedure_colony_id` VALUES ('ESLIM_021_001','clone 1');
INSERT INTO `procedure_colony_id` VALUES ('ESLIM_003_001','clone 1');
INSERT INTO `procedure_colony_id` VALUES ('ESLIM_020_001','clone 1');

INSERT INTO `biological_model` VALUES (40699,22,'Ranbp2<tm1.1(KOMP)Vlcg>/Ranbp2<+>','involves: C57BL/6NCrl','heterozygote');
INSERT INTO `biological_model` VALUES (41174,22,'Fam151a<tm1b(KOMP)Wtsi>/Fam151a<+>','involves: C57BL/6NCrl','heterozygote');
INSERT INTO `biological_model` VALUES (41176,22,'Fam151a<tm1b(KOMP)Wtsi>/Fam151a<tm1b(KOMP)Wtsi>','involves: C57BL/6NCrl','homozygote');
INSERT INTO `biological_model` VALUES (41269,22,'Bfsp1<tm1b(EUCOMM)Wtsi>/Bfsp1<tm1b(EUCOMM)Wtsi>','involves: C57BL/6NCrl','homozygote');
INSERT INTO `biological_model` VALUES (41273,22,'Bfsp1<tm1b(EUCOMM)Wtsi>/Bfsp1<+>','involves: C57BL/6NCrl','heterozygote');
INSERT INTO `biological_model` VALUES (41809,22,'Nalcn<em1(IMPC)Mbp>/Nalcn<em1(IMPC)Mbp>','involves: C57BL/6NCrl','homozygote');
INSERT INTO `biological_model` VALUES (41811,22,'Nalcn<em1(IMPC)Mbp>/Nalcn<+>','involves: C57BL/6NCrl','heterozygote');
INSERT INTO `biological_model` VALUES (41975,22,'Haao<tm2b(KOMP)Mbp>/Haao<+>','involves: C57BL/6NCrl','heterozygote');
INSERT INTO `biological_model` VALUES (41977,22,'Haao<tm2b(KOMP)Mbp>/Haao<tm2b(KOMP)Mbp>','involves: C57BL/6NCrl','homozygote');
INSERT INTO `biological_model` VALUES (45766,22,'Ranbp2<tm1.1(KOMP)Vlcg>/Ranbp2<tm1.1(KOMP)Vlcg>','involves: C57BL/6NCrl','homozygote');
INSERT INTO `biological_model` VALUES (35961,12,'Akt2<tm1Wcs>/Akt2<tm1Wcs>','involves: 129S/SvEv','homozygote');
INSERT INTO `biological_model` VALUES (35962,12,'Akt2<tm1Wcs>/Akt2<+>','involves: 129S/SvEv','heterozygote');

INSERT INTO `biological_model_strain` VALUES (40699,'MGI:2683688',3);
INSERT INTO `biological_model_strain` VALUES (41174,'MGI:2683688',3);
INSERT INTO `biological_model_strain` VALUES (41176,'MGI:2683688',3);
INSERT INTO `biological_model_strain` VALUES (41269,'MGI:2683688',3);
INSERT INTO `biological_model_strain` VALUES (41273,'MGI:2683688',3);
INSERT INTO `biological_model_strain` VALUES (41809,'MGI:2683688',3);
INSERT INTO `biological_model_strain` VALUES (41811,'MGI:2683688',3);
INSERT INTO `biological_model_strain` VALUES (41975,'MGI:2683688',3);
INSERT INTO `biological_model_strain` VALUES (41977,'MGI:2683688',3);
INSERT INTO `biological_model_strain` VALUES (45766,'MGI:2683688',3);
INSERT INTO `biological_model_strain` VALUES (35961,'MGI:3050593',3);
INSERT INTO `biological_model_strain` VALUES (35962,'MGI:3050593',3);

INSERT INTO `biological_model_allele` VALUES (40699,'MGI:5583083',3);
INSERT INTO `biological_model_allele` VALUES (41174,'MGI:5583078',3);
INSERT INTO `biological_model_allele` VALUES (41176,'MGI:5583078',3);
INSERT INTO `biological_model_allele` VALUES (41269,'MGI:5696874',3);
INSERT INTO `biological_model_allele` VALUES (41273,'MGI:5696874',3);
INSERT INTO `biological_model_allele` VALUES (41809,'NULL-261723657',22);
INSERT INTO `biological_model_allele` VALUES (41811,'NULL-261723657',22);
INSERT INTO `biological_model_allele` VALUES (41975,'MGI:5766263',3);
INSERT INTO `biological_model_allele` VALUES (41977,'MGI:5766263',3);
INSERT INTO `biological_model_allele` VALUES (45766,'MGI:5583083',3);
INSERT INTO `biological_model_allele` VALUES (35961,'MGI:5760356',3);
INSERT INTO `biological_model_allele` VALUES (35962,'MGI:5760356',3);

INSERT INTO `biological_model_genomic_feature` VALUES (40699,'MGI:894323',3);
INSERT INTO `biological_model_genomic_feature` VALUES (41174,'MGI:2657115',3);
INSERT INTO `biological_model_genomic_feature` VALUES (41176,'MGI:2657115',3);
INSERT INTO `biological_model_genomic_feature` VALUES (41269,'MGI:101770',3);
INSERT INTO `biological_model_genomic_feature` VALUES (41273,'MGI:101770',3);
INSERT INTO `biological_model_genomic_feature` VALUES (41809,'MGI:2444306',3);
INSERT INTO `biological_model_genomic_feature` VALUES (41811,'MGI:2444306',3);
INSERT INTO `biological_model_genomic_feature` VALUES (41975,'MGI:1349444',3);
INSERT INTO `biological_model_genomic_feature` VALUES (41977,'MGI:1349444',3);
INSERT INTO `biological_model_genomic_feature` VALUES (45766,'MGI:894323',3);
INSERT INTO `biological_model_genomic_feature` VALUES (35961,'MGI:104874',3);
INSERT INTO `biological_model_genomic_feature` VALUES (35962,'MGI:104874',3);

INSERT INTO biological_model_sample (biological_model_id, biological_sample_id) VALUES (40699, 127914);
INSERT INTO biological_model_sample (biological_model_id, biological_sample_id) VALUES (40699, 127932);
INSERT INTO biological_model_sample (biological_model_id, biological_sample_id) VALUES (40699, 127942);
INSERT INTO biological_model_sample (biological_model_id, biological_sample_id) VALUES (40699, 127952);
INSERT INTO biological_model_sample (biological_model_id, biological_sample_id) VALUES (40699, 127968);
INSERT INTO biological_model_sample (biological_model_id, biological_sample_id) VALUES (40699, 127978);
INSERT INTO biological_model_sample (biological_model_id, biological_sample_id) VALUES (40699, 127994);
INSERT INTO biological_model_sample (biological_model_id, biological_sample_id) VALUES (40699, 128012);
INSERT INTO biological_model_sample (biological_model_id, biological_sample_id) VALUES (40699, 128016);
INSERT INTO biological_model_sample (biological_model_id, biological_sample_id) VALUES (40699, 128026);
INSERT INTO biological_model_sample (biological_model_id, biological_sample_id) VALUES (40699, 128036);
INSERT INTO biological_model_sample (biological_model_id, biological_sample_id) VALUES (40699, 128045);
INSERT INTO biological_model_sample (biological_model_id, biological_sample_id) VALUES (40699, 128054);
INSERT INTO biological_model_sample (biological_model_id, biological_sample_id) VALUES (40699, 128063);
INSERT INTO biological_model_sample (biological_model_id, biological_sample_id) VALUES (40699, 128079);
INSERT INTO biological_model_sample (biological_model_id, biological_sample_id) VALUES (40699, 128094);
INSERT INTO biological_model_sample (biological_model_id, biological_sample_id) VALUES (40699, 128115);
INSERT INTO biological_model_sample (biological_model_id, biological_sample_id) VALUES (40699, 128135);
INSERT INTO biological_model_sample (biological_model_id, biological_sample_id) VALUES (40699, 128270);
INSERT INTO biological_model_sample (biological_model_id, biological_sample_id) VALUES (40699, 181774);
INSERT INTO biological_model_sample (biological_model_id, biological_sample_id) VALUES (40699, 181779);
INSERT INTO biological_model_sample (biological_model_id, biological_sample_id) VALUES (40699, 181784);
INSERT INTO biological_model_sample (biological_model_id, biological_sample_id) VALUES (40699, 181820);
INSERT INTO biological_model_sample (biological_model_id, biological_sample_id) VALUES (40699, 181823);
INSERT INTO biological_model_sample (biological_model_id, biological_sample_id) VALUES (40699, 181828);
INSERT INTO biological_model_sample (biological_model_id, biological_sample_id) VALUES (40699, 181837);
INSERT INTO biological_model_sample (biological_model_id, biological_sample_id) VALUES (40699, 181839);
INSERT INTO biological_model_sample (biological_model_id, biological_sample_id) VALUES (40699, 181844);
INSERT INTO biological_model_sample (biological_model_id, biological_sample_id) VALUES (40699, 181851);
INSERT INTO biological_model_sample (biological_model_id, biological_sample_id) VALUES (40699, 181856);
INSERT INTO biological_model_sample (biological_model_id, biological_sample_id) VALUES (40699, 181860);
INSERT INTO biological_model_sample (biological_model_id, biological_sample_id) VALUES (40699, 181864);
INSERT INTO biological_model_sample (biological_model_id, biological_sample_id) VALUES (40699, 181875);
INSERT INTO biological_model_sample (biological_model_id, biological_sample_id) VALUES (40699, 181880);
INSERT INTO biological_model_sample (biological_model_id, biological_sample_id) VALUES (40699, 181886);
INSERT INTO biological_model_sample (biological_model_id, biological_sample_id) VALUES (40699, 181891);
INSERT INTO biological_model_sample (biological_model_id, biological_sample_id) VALUES (40699, 181897);
INSERT INTO biological_model_sample (biological_model_id, biological_sample_id) VALUES (40699, 181902);
INSERT INTO biological_model_sample (biological_model_id, biological_sample_id) VALUES (40699, 181907);
INSERT INTO biological_model_sample (biological_model_id, biological_sample_id) VALUES (40699, 181914);
INSERT INTO biological_model_sample (biological_model_id, biological_sample_id) VALUES (40699, 181916);
INSERT INTO biological_model_sample (biological_model_id, biological_sample_id) VALUES (40699, 181918);
INSERT INTO biological_model_sample (biological_model_id, biological_sample_id) VALUES (40699, 181923);
INSERT INTO biological_model_sample (biological_model_id, biological_sample_id) VALUES (40699, 181926);
INSERT INTO biological_model_sample (biological_model_id, biological_sample_id) VALUES (40699, 181930);
INSERT INTO biological_model_sample (biological_model_id, biological_sample_id) VALUES (40699, 181943);
INSERT INTO biological_model_sample (biological_model_id, biological_sample_id) VALUES (40699, 181949);
INSERT INTO biological_model_sample (biological_model_id, biological_sample_id) VALUES (40699, 181950);
INSERT INTO biological_model_sample (biological_model_id, biological_sample_id) VALUES (40699, 181957);
INSERT INTO biological_model_sample (biological_model_id, biological_sample_id) VALUES (40699, 181965);
INSERT INTO biological_model_sample (biological_model_id, biological_sample_id) VALUES (40699, 181971);
INSERT INTO biological_model_sample (biological_model_id, biological_sample_id) VALUES (40699, 181975);
INSERT INTO biological_model_sample (biological_model_id, biological_sample_id) VALUES (40699, 181980);
INSERT INTO biological_model_sample (biological_model_id, biological_sample_id) VALUES (40699, 181985);
INSERT INTO biological_model_sample (biological_model_id, biological_sample_id) VALUES (40699, 182005);
INSERT INTO biological_model_sample (biological_model_id, biological_sample_id) VALUES (40699, 182008);
INSERT INTO biological_model_sample (biological_model_id, biological_sample_id) VALUES (40699, 182013);
INSERT INTO biological_model_sample (biological_model_id, biological_sample_id) VALUES (40699, 182019);
INSERT INTO biological_model_sample (biological_model_id, biological_sample_id) VALUES (40699, 182023);
INSERT INTO biological_model_sample (biological_model_id, biological_sample_id) VALUES (40699, 182027);
INSERT INTO biological_model_sample (biological_model_id, biological_sample_id) VALUES (40699, 182037);
INSERT INTO biological_model_sample (biological_model_id, biological_sample_id) VALUES (40699, 182043);
INSERT INTO biological_model_sample (biological_model_id, biological_sample_id) VALUES (41174, 136196);
INSERT INTO biological_model_sample (biological_model_id, biological_sample_id) VALUES (41174, 136209);
INSERT INTO biological_model_sample (biological_model_id, biological_sample_id) VALUES (41174, 136248);
INSERT INTO biological_model_sample (biological_model_id, biological_sample_id) VALUES (41174, 136290);
INSERT INTO biological_model_sample (biological_model_id, biological_sample_id) VALUES (41174, 136300);
INSERT INTO biological_model_sample (biological_model_id, biological_sample_id) VALUES (41174, 136306);
INSERT INTO biological_model_sample (biological_model_id, biological_sample_id) VALUES (41174, 136348);
INSERT INTO biological_model_sample (biological_model_id, biological_sample_id) VALUES (41176, 136177);
INSERT INTO biological_model_sample (biological_model_id, biological_sample_id) VALUES (41176, 136184);
INSERT INTO biological_model_sample (biological_model_id, biological_sample_id) VALUES (41176, 136202);
INSERT INTO biological_model_sample (biological_model_id, biological_sample_id) VALUES (41176, 136215);
INSERT INTO biological_model_sample (biological_model_id, biological_sample_id) VALUES (41176, 136222);
INSERT INTO biological_model_sample (biological_model_id, biological_sample_id) VALUES (41176, 136233);
INSERT INTO biological_model_sample (biological_model_id, biological_sample_id) VALUES (41176, 136252);
INSERT INTO biological_model_sample (biological_model_id, biological_sample_id) VALUES (41176, 136261);
INSERT INTO biological_model_sample (biological_model_id, biological_sample_id) VALUES (41176, 136264);
INSERT INTO biological_model_sample (biological_model_id, biological_sample_id) VALUES (41176, 136268);
INSERT INTO biological_model_sample (biological_model_id, biological_sample_id) VALUES (41176, 136284);
INSERT INTO biological_model_sample (biological_model_id, biological_sample_id) VALUES (41176, 136312);
INSERT INTO biological_model_sample (biological_model_id, biological_sample_id) VALUES (41176, 136333);
INSERT INTO biological_model_sample (biological_model_id, biological_sample_id) VALUES (41176, 136340);
INSERT INTO biological_model_sample (biological_model_id, biological_sample_id) VALUES (41176, 136355);
INSERT INTO biological_model_sample (biological_model_id, biological_sample_id) VALUES (41269, 137778);
INSERT INTO biological_model_sample (biological_model_id, biological_sample_id) VALUES (41269, 137784);
INSERT INTO biological_model_sample (biological_model_id, biological_sample_id) VALUES (41269, 137807);
INSERT INTO biological_model_sample (biological_model_id, biological_sample_id) VALUES (41269, 137812);
INSERT INTO biological_model_sample (biological_model_id, biological_sample_id) VALUES (41269, 137816);
INSERT INTO biological_model_sample (biological_model_id, biological_sample_id) VALUES (41269, 137822);
INSERT INTO biological_model_sample (biological_model_id, biological_sample_id) VALUES (41269, 137829);
INSERT INTO biological_model_sample (biological_model_id, biological_sample_id) VALUES (41269, 137841);
INSERT INTO biological_model_sample (biological_model_id, biological_sample_id) VALUES (41269, 137845);
INSERT INTO biological_model_sample (biological_model_id, biological_sample_id) VALUES (41269, 137849);
INSERT INTO biological_model_sample (biological_model_id, biological_sample_id) VALUES (41269, 137862);
INSERT INTO biological_model_sample (biological_model_id, biological_sample_id) VALUES (41269, 137863);
INSERT INTO biological_model_sample (biological_model_id, biological_sample_id) VALUES (41269, 137870);
INSERT INTO biological_model_sample (biological_model_id, biological_sample_id) VALUES (41269, 137875);
INSERT INTO biological_model_sample (biological_model_id, biological_sample_id) VALUES (41269, 137895);
INSERT INTO biological_model_sample (biological_model_id, biological_sample_id) VALUES (41269, 137927);
INSERT INTO biological_model_sample (biological_model_id, biological_sample_id) VALUES (41273, 137856);
INSERT INTO biological_model_sample (biological_model_id, biological_sample_id) VALUES (41273, 137882);
INSERT INTO biological_model_sample (biological_model_id, biological_sample_id) VALUES (41273, 137907);
INSERT INTO biological_model_sample (biological_model_id, biological_sample_id) VALUES (41273, 137913);
INSERT INTO biological_model_sample (biological_model_id, biological_sample_id) VALUES (41809, 147561);
INSERT INTO biological_model_sample (biological_model_id, biological_sample_id) VALUES (41809, 147567);
INSERT INTO biological_model_sample (biological_model_id, biological_sample_id) VALUES (41809, 147572);
INSERT INTO biological_model_sample (biological_model_id, biological_sample_id) VALUES (41809, 147577);
INSERT INTO biological_model_sample (biological_model_id, biological_sample_id) VALUES (41809, 147589);
INSERT INTO biological_model_sample (biological_model_id, biological_sample_id) VALUES (41809, 147594);
INSERT INTO biological_model_sample (biological_model_id, biological_sample_id) VALUES (41809, 147600);
INSERT INTO biological_model_sample (biological_model_id, biological_sample_id) VALUES (41809, 147607);
INSERT INTO biological_model_sample (biological_model_id, biological_sample_id) VALUES (41809, 147652);
INSERT INTO biological_model_sample (biological_model_id, biological_sample_id) VALUES (41809, 147668);
INSERT INTO biological_model_sample (biological_model_id, biological_sample_id) VALUES (41809, 147674);
INSERT INTO biological_model_sample (biological_model_id, biological_sample_id) VALUES (41809, 147693);
INSERT INTO biological_model_sample (biological_model_id, biological_sample_id) VALUES (41809, 147702);
INSERT INTO biological_model_sample (biological_model_id, biological_sample_id) VALUES (41809, 147712);
INSERT INTO biological_model_sample (biological_model_id, biological_sample_id) VALUES (41809, 147731);
INSERT INTO biological_model_sample (biological_model_id, biological_sample_id) VALUES (41809, 147735);
INSERT INTO biological_model_sample (biological_model_id, biological_sample_id) VALUES (41811, 147615);
INSERT INTO biological_model_sample (biological_model_id, biological_sample_id) VALUES (41811, 147616);
INSERT INTO biological_model_sample (biological_model_id, biological_sample_id) VALUES (41811, 147630);
INSERT INTO biological_model_sample (biological_model_id, biological_sample_id) VALUES (41811, 147631);
INSERT INTO biological_model_sample (biological_model_id, biological_sample_id) VALUES (41811, 147661);
INSERT INTO biological_model_sample (biological_model_id, biological_sample_id) VALUES (41811, 147679);
INSERT INTO biological_model_sample (biological_model_id, biological_sample_id) VALUES (41811, 147689);
INSERT INTO biological_model_sample (biological_model_id, biological_sample_id) VALUES (41811, 147697);
INSERT INTO biological_model_sample (biological_model_id, biological_sample_id) VALUES (41811, 147707);
INSERT INTO biological_model_sample (biological_model_id, biological_sample_id) VALUES (41811, 147718);
INSERT INTO biological_model_sample (biological_model_id, biological_sample_id) VALUES (41811, 147725);
INSERT INTO biological_model_sample (biological_model_id, biological_sample_id) VALUES (41811, 147742);
INSERT INTO biological_model_sample (biological_model_id, biological_sample_id) VALUES (41811, 147750);
INSERT INTO biological_model_sample (biological_model_id, biological_sample_id) VALUES (41811, 147760);
INSERT INTO biological_model_sample (biological_model_id, biological_sample_id) VALUES (41811, 147773);
INSERT INTO biological_model_sample (biological_model_id, biological_sample_id) VALUES (41811, 147778);
INSERT INTO biological_model_sample (biological_model_id, biological_sample_id) VALUES (41811, 147788);
INSERT INTO biological_model_sample (biological_model_id, biological_sample_id) VALUES (41811, 147792);
INSERT INTO biological_model_sample (biological_model_id, biological_sample_id) VALUES (41811, 147797);
INSERT INTO biological_model_sample (biological_model_id, biological_sample_id) VALUES (41811, 147806);
INSERT INTO biological_model_sample (biological_model_id, biological_sample_id) VALUES (41811, 147810);
INSERT INTO biological_model_sample (biological_model_id, biological_sample_id) VALUES (41811, 147816);
INSERT INTO biological_model_sample (biological_model_id, biological_sample_id) VALUES (41811, 147821);
INSERT INTO biological_model_sample (biological_model_id, biological_sample_id) VALUES (41811, 147831);
INSERT INTO biological_model_sample (biological_model_id, biological_sample_id) VALUES (41811, 147837);
INSERT INTO biological_model_sample (biological_model_id, biological_sample_id) VALUES (41811, 147845);
INSERT INTO biological_model_sample (biological_model_id, biological_sample_id) VALUES (41811, 147850);
INSERT INTO biological_model_sample (biological_model_id, biological_sample_id) VALUES (41811, 147855);
INSERT INTO biological_model_sample (biological_model_id, biological_sample_id) VALUES (41811, 147857);
INSERT INTO biological_model_sample (biological_model_id, biological_sample_id) VALUES (41811, 147863);
INSERT INTO biological_model_sample (biological_model_id, biological_sample_id) VALUES (41811, 147872);
INSERT INTO biological_model_sample (biological_model_id, biological_sample_id) VALUES (41811, 147875);
INSERT INTO biological_model_sample (biological_model_id, biological_sample_id) VALUES (41811, 147881);
INSERT INTO biological_model_sample (biological_model_id, biological_sample_id) VALUES (41811, 147890);
INSERT INTO biological_model_sample (biological_model_id, biological_sample_id) VALUES (41811, 147898);
INSERT INTO biological_model_sample (biological_model_id, biological_sample_id) VALUES (41811, 147901);
INSERT INTO biological_model_sample (biological_model_id, biological_sample_id) VALUES (41811, 147908);
INSERT INTO biological_model_sample (biological_model_id, biological_sample_id) VALUES (41811, 147915);
INSERT INTO biological_model_sample (biological_model_id, biological_sample_id) VALUES (41811, 147917);
INSERT INTO biological_model_sample (biological_model_id, biological_sample_id) VALUES (41811, 147923);
INSERT INTO biological_model_sample (biological_model_id, biological_sample_id) VALUES (41811, 147924);
INSERT INTO biological_model_sample (biological_model_id, biological_sample_id) VALUES (41811, 147932);
INSERT INTO biological_model_sample (biological_model_id, biological_sample_id) VALUES (41811, 147939);
INSERT INTO biological_model_sample (biological_model_id, biological_sample_id) VALUES (41811, 147946);
INSERT INTO biological_model_sample (biological_model_id, biological_sample_id) VALUES (41811, 147948);
INSERT INTO biological_model_sample (biological_model_id, biological_sample_id) VALUES (41811, 147953);
INSERT INTO biological_model_sample (biological_model_id, biological_sample_id) VALUES (41811, 147960);
INSERT INTO biological_model_sample (biological_model_id, biological_sample_id) VALUES (41811, 147966);
INSERT INTO biological_model_sample (biological_model_id, biological_sample_id) VALUES (41811, 147972);
INSERT INTO biological_model_sample (biological_model_id, biological_sample_id) VALUES (41811, 147984);
INSERT INTO biological_model_sample (biological_model_id, biological_sample_id) VALUES (41811, 147989);
INSERT INTO biological_model_sample (biological_model_id, biological_sample_id) VALUES (41975, 150488);
INSERT INTO biological_model_sample (biological_model_id, biological_sample_id) VALUES (41975, 150496);
INSERT INTO biological_model_sample (biological_model_id, biological_sample_id) VALUES (41975, 150501);
INSERT INTO biological_model_sample (biological_model_id, biological_sample_id) VALUES (41975, 150513);
INSERT INTO biological_model_sample (biological_model_id, biological_sample_id) VALUES (41977, 150507);
INSERT INTO biological_model_sample (biological_model_id, biological_sample_id) VALUES (41977, 150521);
INSERT INTO biological_model_sample (biological_model_id, biological_sample_id) VALUES (41977, 150522);
INSERT INTO biological_model_sample (biological_model_id, biological_sample_id) VALUES (41977, 150534);
INSERT INTO biological_model_sample (biological_model_id, biological_sample_id) VALUES (41977, 150540);
INSERT INTO biological_model_sample (biological_model_id, biological_sample_id) VALUES (41977, 150550);
INSERT INTO biological_model_sample (biological_model_id, biological_sample_id) VALUES (41977, 150555);
INSERT INTO biological_model_sample (biological_model_id, biological_sample_id) VALUES (41977, 150569);
INSERT INTO biological_model_sample (biological_model_id, biological_sample_id) VALUES (41977, 150579);
INSERT INTO biological_model_sample (biological_model_id, biological_sample_id) VALUES (41977, 150585);
INSERT INTO biological_model_sample (biological_model_id, biological_sample_id) VALUES (41977, 150601);
INSERT INTO biological_model_sample (biological_model_id, biological_sample_id) VALUES (41977, 150608);
INSERT INTO biological_model_sample (biological_model_id, biological_sample_id) VALUES (41977, 150623);
INSERT INTO biological_model_sample (biological_model_id, biological_sample_id) VALUES (41977, 150628);
INSERT INTO biological_model_sample (biological_model_id, biological_sample_id) VALUES (41977, 150631);
INSERT INTO biological_model_sample (biological_model_id, biological_sample_id) VALUES (41977, 150663);

INSERT INTO `biological_model_sample` VALUES (35961,28605);
INSERT INTO `biological_model_sample` VALUES (35961,28619);
INSERT INTO `biological_model_sample` VALUES (35961,28620);
INSERT INTO `biological_model_sample` VALUES (35961,28621);
INSERT INTO `biological_model_sample` VALUES (35961,28640);
INSERT INTO `biological_model_sample` VALUES (35961,28655);
INSERT INTO `biological_model_sample` VALUES (35961,28657);
INSERT INTO `biological_model_sample` VALUES (35961,28658);
INSERT INTO `biological_model_sample` VALUES (35961,28659);
INSERT INTO `biological_model_sample` VALUES (35961,28660);
INSERT INTO `biological_model_sample` VALUES (35961,28661);
INSERT INTO `biological_model_sample` VALUES (35961,28665);
INSERT INTO `biological_model_sample` VALUES (35961,28666);
INSERT INTO `biological_model_sample` VALUES (35961,28667);
INSERT INTO `biological_model_sample` VALUES (35961,28668);
INSERT INTO `biological_model_sample` VALUES (35961,28669);
INSERT INTO `biological_model_sample` VALUES (35961,28671);
INSERT INTO `biological_model_sample` VALUES (35961,28674);
INSERT INTO `biological_model_sample` VALUES (35961,28675);
INSERT INTO `biological_model_sample` VALUES (35961,28676);
INSERT INTO `biological_model_sample` VALUES (35961,28678);
INSERT INTO `biological_model_sample` VALUES (35961,28679);
INSERT INTO `biological_model_sample` VALUES (35961,28680);
INSERT INTO `biological_model_sample` VALUES (35961,28681);
INSERT INTO `biological_model_sample` VALUES (35961,28683);
INSERT INTO `biological_model_sample` VALUES (35961,28684);
INSERT INTO `biological_model_sample` VALUES (35961,28686);
INSERT INTO `biological_model_sample` VALUES (35961,28687);
INSERT INTO `biological_model_sample` VALUES (35961,28701);
INSERT INTO `biological_model_sample` VALUES (35961,28702);
INSERT INTO `biological_model_sample` VALUES (35961,28704);
INSERT INTO `biological_model_sample` VALUES (35961,28705);
INSERT INTO `biological_model_sample` VALUES (35961,28706);
INSERT INTO `biological_model_sample` VALUES (35961,28707);
INSERT INTO `biological_model_sample` VALUES (35961,28709);
INSERT INTO `biological_model_sample` VALUES (35961,28711);
INSERT INTO `biological_model_sample` VALUES (35961,28712);
INSERT INTO `biological_model_sample` VALUES (35961,28713);
INSERT INTO `biological_model_sample` VALUES (35961,28714);
INSERT INTO `biological_model_sample` VALUES (35961,28717);
INSERT INTO `biological_model_sample` VALUES (35961,28719);
INSERT INTO `biological_model_sample` VALUES (35961,28721);
INSERT INTO `biological_model_sample` VALUES (35961,28722);
INSERT INTO `biological_model_sample` VALUES (35961,28723);
INSERT INTO `biological_model_sample` VALUES (35961,28724);
INSERT INTO `biological_model_sample` VALUES (35961,28726);
INSERT INTO `biological_model_sample` VALUES (35961,28727);
INSERT INTO `biological_model_sample` VALUES (35961,28729);
INSERT INTO `biological_model_sample` VALUES (35961,28730);
INSERT INTO `biological_model_sample` VALUES (35961,28731);
INSERT INTO `biological_model_sample` VALUES (35962,28617);
INSERT INTO `biological_model_sample` VALUES (35962,28622);
INSERT INTO `biological_model_sample` VALUES (35962,28624);
INSERT INTO `biological_model_sample` VALUES (35962,28625);
INSERT INTO `biological_model_sample` VALUES (35962,28626);
INSERT INTO `biological_model_sample` VALUES (35962,28628);
INSERT INTO `biological_model_sample` VALUES (35962,28629);
INSERT INTO `biological_model_sample` VALUES (35962,28630);
INSERT INTO `biological_model_sample` VALUES (35962,28631);
INSERT INTO `biological_model_sample` VALUES (35962,28633);
INSERT INTO `biological_model_sample` VALUES (35962,28634);
INSERT INTO `biological_model_sample` VALUES (35962,28635);
INSERT INTO `biological_model_sample` VALUES (35962,28663);
INSERT INTO `biological_model_sample` VALUES (35962,28672);
INSERT INTO `biological_model_sample` VALUES (35962,28673);
INSERT INTO `biological_model_sample` VALUES (35962,28688);
INSERT INTO `biological_model_sample` VALUES (35962,28708);
INSERT INTO `biological_model_sample` VALUES (35962,28715);

INSERT INTO biological_sample (id, external_id, db_id, sample_type_acc, sample_type_db_id, sample_group, organisation_id, production_center_id, project_id) VALUES (127914, 'BL3938-234', 22, 'MA:0002405', 8, 'experimental', 2, 32, 1);
INSERT INTO biological_sample (id, external_id, db_id, sample_type_acc, sample_type_db_id, sample_group, organisation_id, production_center_id, project_id) VALUES (127932, 'BL3938-251', 22, 'MA:0002405', 8, 'experimental', 2, 32, 1);
INSERT INTO biological_sample (id, external_id, db_id, sample_type_acc, sample_type_db_id, sample_group, organisation_id, production_center_id, project_id) VALUES (127942, 'BL3938-235', 22, 'MA:0002405', 8, 'experimental', 2, 32, 1);
INSERT INTO biological_sample (id, external_id, db_id, sample_type_acc, sample_type_db_id, sample_group, organisation_id, production_center_id, project_id) VALUES (127952, 'BL3938-254', 22, 'MA:0002405', 8, 'experimental', 2, 32, 1);
INSERT INTO biological_sample (id, external_id, db_id, sample_type_acc, sample_type_db_id, sample_group, organisation_id, production_center_id, project_id) VALUES (127968, 'BL3938-257', 22, 'MA:0002405', 8, 'experimental', 2, 32, 1);
INSERT INTO biological_sample (id, external_id, db_id, sample_type_acc, sample_type_db_id, sample_group, organisation_id, production_center_id, project_id) VALUES (127978, 'BL3938-258', 22, 'MA:0002405', 8, 'experimental', 2, 32, 1);
INSERT INTO biological_sample (id, external_id, db_id, sample_type_acc, sample_type_db_id, sample_group, organisation_id, production_center_id, project_id) VALUES (127994, 'BL3938-261', 22, 'MA:0002405', 8, 'experimental', 2, 32, 1);
INSERT INTO biological_sample (id, external_id, db_id, sample_type_acc, sample_type_db_id, sample_group, organisation_id, production_center_id, project_id) VALUES (128012, 'BL3938-262', 22, 'MA:0002405', 8, 'experimental', 2, 32, 1);
INSERT INTO biological_sample (id, external_id, db_id, sample_type_acc, sample_type_db_id, sample_group, organisation_id, production_center_id, project_id) VALUES (128016, 'BL3938-267', 22, 'MA:0002405', 8, 'experimental', 2, 32, 1);
INSERT INTO biological_sample (id, external_id, db_id, sample_type_acc, sample_type_db_id, sample_group, organisation_id, production_center_id, project_id) VALUES (128026, 'BL3938-268', 22, 'MA:0002405', 8, 'experimental', 2, 32, 1);
INSERT INTO biological_sample (id, external_id, db_id, sample_type_acc, sample_type_db_id, sample_group, organisation_id, production_center_id, project_id) VALUES (128036, 'BL3938-266', 22, 'MA:0002405', 8, 'experimental', 2, 32, 1);
INSERT INTO biological_sample (id, external_id, db_id, sample_type_acc, sample_type_db_id, sample_group, organisation_id, production_center_id, project_id) VALUES (128045, 'BL3938-264', 22, 'MA:0002405', 8, 'experimental', 2, 32, 1);
INSERT INTO biological_sample (id, external_id, db_id, sample_type_acc, sample_type_db_id, sample_group, organisation_id, production_center_id, project_id) VALUES (128054, 'BL3938-269', 22, 'MA:0002405', 8, 'experimental', 2, 32, 1);
INSERT INTO biological_sample (id, external_id, db_id, sample_type_acc, sample_type_db_id, sample_group, organisation_id, production_center_id, project_id) VALUES (128063, 'BL3938-272', 22, 'MA:0002405', 8, 'experimental', 2, 32, 1);
INSERT INTO biological_sample (id, external_id, db_id, sample_type_acc, sample_type_db_id, sample_group, organisation_id, production_center_id, project_id) VALUES (128079, 'BL3938-273', 22, 'MA:0002405', 8, 'experimental', 2, 32, 1);
INSERT INTO biological_sample (id, external_id, db_id, sample_type_acc, sample_type_db_id, sample_group, organisation_id, production_center_id, project_id) VALUES (128094, 'BL3938-282', 22, 'MA:0002405', 8, 'experimental', 2, 32, 1);
INSERT INTO biological_sample (id, external_id, db_id, sample_type_acc, sample_type_db_id, sample_group, organisation_id, production_center_id, project_id) VALUES (128115, 'BL3938-283', 22, 'MA:0002405', 8, 'experimental', 2, 32, 1);
INSERT INTO biological_sample (id, external_id, db_id, sample_type_acc, sample_type_db_id, sample_group, organisation_id, production_center_id, project_id) VALUES (128135, 'BL3938-284', 22, 'MA:0002405', 8, 'experimental', 2, 32, 1);
INSERT INTO biological_sample (id, external_id, db_id, sample_type_acc, sample_type_db_id, sample_group, organisation_id, production_center_id, project_id) VALUES (128270, 'BL3938-285', 22, 'MA:0002405', 8, 'experimental', 2, 32, 1);
INSERT INTO biological_sample (id, external_id, db_id, sample_type_acc, sample_type_db_id, sample_group, organisation_id, production_center_id, project_id) VALUES (136177, 'BL3825-232', 22, 'MA:0002405', 8, 'experimental', 2, 32, 1);
INSERT INTO biological_sample (id, external_id, db_id, sample_type_acc, sample_type_db_id, sample_group, organisation_id, production_center_id, project_id) VALUES (136184, 'BL3825-233', 22, 'MA:0002405', 8, 'experimental', 2, 32, 1);
INSERT INTO biological_sample (id, external_id, db_id, sample_type_acc, sample_type_db_id, sample_group, organisation_id, production_center_id, project_id) VALUES (136196, 'BL3825-234', 22, 'MA:0002405', 8, 'experimental', 2, 32, 1);
INSERT INTO biological_sample (id, external_id, db_id, sample_type_acc, sample_type_db_id, sample_group, organisation_id, production_center_id, project_id) VALUES (136202, 'BL3825-243', 22, 'MA:0002405', 8, 'experimental', 2, 32, 1);
INSERT INTO biological_sample (id, external_id, db_id, sample_type_acc, sample_type_db_id, sample_group, organisation_id, production_center_id, project_id) VALUES (136209, 'BL3825-240', 22, 'MA:0002405', 8, 'experimental', 2, 32, 1);
INSERT INTO biological_sample (id, external_id, db_id, sample_type_acc, sample_type_db_id, sample_group, organisation_id, production_center_id, project_id) VALUES (136215, 'BL3825-239', 22, 'MA:0002405', 8, 'experimental', 2, 32, 1);
INSERT INTO biological_sample (id, external_id, db_id, sample_type_acc, sample_type_db_id, sample_group, organisation_id, production_center_id, project_id) VALUES (136222, 'BL3825-238', 22, 'MA:0002405', 8, 'experimental', 2, 32, 1);
INSERT INTO biological_sample (id, external_id, db_id, sample_type_acc, sample_type_db_id, sample_group, organisation_id, production_center_id, project_id) VALUES (136233, 'BL3825-237', 22, 'MA:0002405', 8, 'experimental', 2, 32, 1);
INSERT INTO biological_sample (id, external_id, db_id, sample_type_acc, sample_type_db_id, sample_group, organisation_id, production_center_id, project_id) VALUES (136248, 'BL3825-235', 22, 'MA:0002405', 8, 'experimental', 2, 32, 1);
INSERT INTO biological_sample (id, external_id, db_id, sample_type_acc, sample_type_db_id, sample_group, organisation_id, production_center_id, project_id) VALUES (136252, 'BL3825-257', 22, 'MA:0002405', 8, 'experimental', 2, 32, 1);
INSERT INTO biological_sample (id, external_id, db_id, sample_type_acc, sample_type_db_id, sample_group, organisation_id, production_center_id, project_id) VALUES (136261, 'BL3825-259', 22, 'MA:0002405', 8, 'experimental', 2, 32, 1);
INSERT INTO biological_sample (id, external_id, db_id, sample_type_acc, sample_type_db_id, sample_group, organisation_id, production_center_id, project_id) VALUES (136264, 'BL3825-260', 22, 'MA:0002405', 8, 'experimental', 2, 32, 1);
INSERT INTO biological_sample (id, external_id, db_id, sample_type_acc, sample_type_db_id, sample_group, organisation_id, production_center_id, project_id) VALUES (136268, 'BL3825-248', 22, 'MA:0002405', 8, 'experimental', 2, 32, 1);
INSERT INTO biological_sample (id, external_id, db_id, sample_type_acc, sample_type_db_id, sample_group, organisation_id, production_center_id, project_id) VALUES (136284, 'BL3825-256', 22, 'MA:0002405', 8, 'experimental', 2, 32, 1);
INSERT INTO biological_sample (id, external_id, db_id, sample_type_acc, sample_type_db_id, sample_group, organisation_id, production_center_id, project_id) VALUES (136290, 'BL3825-255', 22, 'MA:0002405', 8, 'experimental', 2, 32, 1);
INSERT INTO biological_sample (id, external_id, db_id, sample_type_acc, sample_type_db_id, sample_group, organisation_id, production_center_id, project_id) VALUES (136300, 'BL3825-252', 22, 'MA:0002405', 8, 'experimental', 2, 32, 1);
INSERT INTO biological_sample (id, external_id, db_id, sample_type_acc, sample_type_db_id, sample_group, organisation_id, production_center_id, project_id) VALUES (136306, 'BL3825-251', 22, 'MA:0002405', 8, 'experimental', 2, 32, 1);
INSERT INTO biological_sample (id, external_id, db_id, sample_type_acc, sample_type_db_id, sample_group, organisation_id, production_center_id, project_id) VALUES (136312, 'BL3825-250', 22, 'MA:0002405', 8, 'experimental', 2, 32, 1);
INSERT INTO biological_sample (id, external_id, db_id, sample_type_acc, sample_type_db_id, sample_group, organisation_id, production_center_id, project_id) VALUES (136333, 'BL3825-269', 22, 'MA:0002405', 8, 'experimental', 2, 32, 1);
INSERT INTO biological_sample (id, external_id, db_id, sample_type_acc, sample_type_db_id, sample_group, organisation_id, production_center_id, project_id) VALUES (136340, 'BL3825-268', 22, 'MA:0002405', 8, 'experimental', 2, 32, 1);
INSERT INTO biological_sample (id, external_id, db_id, sample_type_acc, sample_type_db_id, sample_group, organisation_id, production_center_id, project_id) VALUES (136348, 'BL3825-265', 22, 'MA:0002405', 8, 'experimental', 2, 32, 1);
INSERT INTO biological_sample (id, external_id, db_id, sample_type_acc, sample_type_db_id, sample_group, organisation_id, production_center_id, project_id) VALUES (136355, 'BL3825-263', 22, 'MA:0002405', 8, 'experimental', 2, 32, 1);
INSERT INTO biological_sample (id, external_id, db_id, sample_type_acc, sample_type_db_id, sample_group, organisation_id, production_center_id, project_id) VALUES (137778, 'TCPA0975Cre-13', 22, 'MA:0002405', 8, 'experimental', 2, 32, 1);
INSERT INTO biological_sample (id, external_id, db_id, sample_type_acc, sample_type_db_id, sample_group, organisation_id, production_center_id, project_id) VALUES (137784, 'TCPA0975Cre-15', 22, 'MA:0002405', 8, 'experimental', 2, 32, 1);
INSERT INTO biological_sample (id, external_id, db_id, sample_type_acc, sample_type_db_id, sample_group, organisation_id, production_center_id, project_id) VALUES (137807, 'TCPA0975Cre-24', 22, 'MA:0002405', 8, 'experimental', 2, 32, 1);
INSERT INTO biological_sample (id, external_id, db_id, sample_type_acc, sample_type_db_id, sample_group, organisation_id, production_center_id, project_id) VALUES (137812, 'TCPA0975Cre-22', 22, 'MA:0002405', 8, 'experimental', 2, 32, 1);
INSERT INTO biological_sample (id, external_id, db_id, sample_type_acc, sample_type_db_id, sample_group, organisation_id, production_center_id, project_id) VALUES (137816, 'TCPA0975Cre-18', 22, 'MA:0002405', 8, 'experimental', 2, 32, 1);
INSERT INTO biological_sample (id, external_id, db_id, sample_type_acc, sample_type_db_id, sample_group, organisation_id, production_center_id, project_id) VALUES (137822, 'TCPA0975Cre-17', 22, 'MA:0002405', 8, 'experimental', 2, 32, 1);
INSERT INTO biological_sample (id, external_id, db_id, sample_type_acc, sample_type_db_id, sample_group, organisation_id, production_center_id, project_id) VALUES (137829, 'TCPA0975Cre-16', 22, 'MA:0002405', 8, 'experimental', 2, 32, 1);
INSERT INTO biological_sample (id, external_id, db_id, sample_type_acc, sample_type_db_id, sample_group, organisation_id, production_center_id, project_id) VALUES (137841, 'TCPA0975Cre-33', 22, 'MA:0002405', 8, 'experimental', 2, 32, 1);
INSERT INTO biological_sample (id, external_id, db_id, sample_type_acc, sample_type_db_id, sample_group, organisation_id, production_center_id, project_id) VALUES (137845, 'TCPA0975Cre-37', 22, 'MA:0002405', 8, 'experimental', 2, 32, 1);
INSERT INTO biological_sample (id, external_id, db_id, sample_type_acc, sample_type_db_id, sample_group, organisation_id, production_center_id, project_id) VALUES (137849, 'TCPA0975Cre-31', 22, 'MA:0002405', 8, 'experimental', 2, 32, 1);
INSERT INTO biological_sample (id, external_id, db_id, sample_type_acc, sample_type_db_id, sample_group, organisation_id, production_center_id, project_id) VALUES (137856, 'TCPA0975Cre-29', 22, 'MA:0002405', 8, 'experimental', 2, 32, 1);
INSERT INTO biological_sample (id, external_id, db_id, sample_type_acc, sample_type_db_id, sample_group, organisation_id, production_center_id, project_id) VALUES (137862, 'TCPA0975Cre-39', 22, 'MA:0002405', 8, 'experimental', 2, 32, 1);
INSERT INTO biological_sample (id, external_id, db_id, sample_type_acc, sample_type_db_id, sample_group, organisation_id, production_center_id, project_id) VALUES (137863, 'TCPA0975Cre-28', 22, 'MA:0002405', 8, 'experimental', 2, 32, 1);
INSERT INTO biological_sample (id, external_id, db_id, sample_type_acc, sample_type_db_id, sample_group, organisation_id, production_center_id, project_id) VALUES (137870, 'TCPA0975Cre-26', 22, 'MA:0002405', 8, 'experimental', 2, 32, 1);
INSERT INTO biological_sample (id, external_id, db_id, sample_type_acc, sample_type_db_id, sample_group, organisation_id, production_center_id, project_id) VALUES (137875, 'TCPA0975Cre-6', 22, 'MA:0002405', 8, 'experimental', 2, 32, 1);
INSERT INTO biological_sample (id, external_id, db_id, sample_type_acc, sample_type_db_id, sample_group, organisation_id, production_center_id, project_id) VALUES (137882, 'TCPA0975Cre-40', 22, 'MA:0002405', 8, 'experimental', 2, 32, 1);
INSERT INTO biological_sample (id, external_id, db_id, sample_type_acc, sample_type_db_id, sample_group, organisation_id, production_center_id, project_id) VALUES (137895, 'TCPA0975Cre-38', 22, 'MA:0002405', 8, 'experimental', 2, 32, 1);
INSERT INTO biological_sample (id, external_id, db_id, sample_type_acc, sample_type_db_id, sample_group, organisation_id, production_center_id, project_id) VALUES (137907, 'TCPA0975Cre-35', 22, 'MA:0002405', 8, 'experimental', 2, 32, 1);
INSERT INTO biological_sample (id, external_id, db_id, sample_type_acc, sample_type_db_id, sample_group, organisation_id, production_center_id, project_id) VALUES (137913, 'TCPA0975Cre-34', 22, 'MA:0002405', 8, 'experimental', 2, 32, 1);
INSERT INTO biological_sample (id, external_id, db_id, sample_type_acc, sample_type_db_id, sample_group, organisation_id, production_center_id, project_id) VALUES (137927, 'TCPA0975Cre-7', 22, 'MA:0002405', 8, 'experimental', 2, 32, 1);
INSERT INTO biological_sample (id, external_id, db_id, sample_type_acc, sample_type_db_id, sample_group, organisation_id, production_center_id, project_id) VALUES (147561, 'CR842-474-5', 22, 'EFO:0005857', 15, 'experimental', 2, 2, 1);
INSERT INTO biological_sample (id, external_id, db_id, sample_type_acc, sample_type_db_id, sample_group, organisation_id, production_center_id, project_id) VALUES (147567, 'CR842-474-2', 22, 'EFO:0005857', 15, 'experimental', 2, 2, 1);
INSERT INTO biological_sample (id, external_id, db_id, sample_type_acc, sample_type_db_id, sample_group, organisation_id, production_center_id, project_id) VALUES (147572, 'CR842-504-5', 22, 'EFO:0005857', 15, 'experimental', 2, 2, 1);
INSERT INTO biological_sample (id, external_id, db_id, sample_type_acc, sample_type_db_id, sample_group, organisation_id, production_center_id, project_id) VALUES (147577, 'CR842-480-9', 22, 'EFO:0005857', 15, 'experimental', 2, 2, 1);
INSERT INTO biological_sample (id, external_id, db_id, sample_type_acc, sample_type_db_id, sample_group, organisation_id, production_center_id, project_id) VALUES (147589, 'CR842-480-7', 22, 'EFO:0005857', 15, 'experimental', 2, 2, 1);
INSERT INTO biological_sample (id, external_id, db_id, sample_type_acc, sample_type_db_id, sample_group, organisation_id, production_center_id, project_id) VALUES (147594, 'CR842-486-2', 22, 'EFO:0005857', 15, 'experimental', 2, 2, 1);
INSERT INTO biological_sample (id, external_id, db_id, sample_type_acc, sample_type_db_id, sample_group, organisation_id, production_center_id, project_id) VALUES (147600, 'CR842-480-10', 22, 'EFO:0005857', 15, 'experimental', 2, 2, 1);
INSERT INTO biological_sample (id, external_id, db_id, sample_type_acc, sample_type_db_id, sample_group, organisation_id, production_center_id, project_id) VALUES (147607, 'CR842-486-6', 22, 'EFO:0005857', 15, 'experimental', 2, 2, 1);
INSERT INTO biological_sample (id, external_id, db_id, sample_type_acc, sample_type_db_id, sample_group, organisation_id, production_center_id, project_id) VALUES (147615, 'CR842-534-1', 22, 'EFO:0005857', 15, 'experimental', 2, 2, 1);
INSERT INTO biological_sample (id, external_id, db_id, sample_type_acc, sample_type_db_id, sample_group, organisation_id, production_center_id, project_id) VALUES (147616, 'CR842-534-2', 22, 'EFO:0005857', 15, 'experimental', 2, 2, 1);
INSERT INTO biological_sample (id, external_id, db_id, sample_type_acc, sample_type_db_id, sample_group, organisation_id, production_center_id, project_id) VALUES (147630, 'CR842-534-4', 22, 'EFO:0005857', 15, 'experimental', 2, 2, 1);
INSERT INTO biological_sample (id, external_id, db_id, sample_type_acc, sample_type_db_id, sample_group, organisation_id, production_center_id, project_id) VALUES (147631, 'CR842-534-5', 22, 'EFO:0005857', 15, 'experimental', 2, 2, 1);
INSERT INTO biological_sample (id, external_id, db_id, sample_type_acc, sample_type_db_id, sample_group, organisation_id, production_center_id, project_id) VALUES (147652, 'CR842-534-6', 22, 'EFO:0005857', 15, 'experimental', 2, 2, 1);
INSERT INTO biological_sample (id, external_id, db_id, sample_type_acc, sample_type_db_id, sample_group, organisation_id, production_center_id, project_id) VALUES (147661, 'CR842-534-8', 22, 'EFO:0005857', 15, 'experimental', 2, 2, 1);
INSERT INTO biological_sample (id, external_id, db_id, sample_type_acc, sample_type_db_id, sample_group, organisation_id, production_center_id, project_id) VALUES (147668, 'CR842-534-11', 22, 'EFO:0005857', 15, 'experimental', 2, 2, 1);
INSERT INTO biological_sample (id, external_id, db_id, sample_type_acc, sample_type_db_id, sample_group, organisation_id, production_center_id, project_id) VALUES (147674, 'CR842-542-1', 22, 'EFO:0005857', 15, 'experimental', 2, 2, 1);
INSERT INTO biological_sample (id, external_id, db_id, sample_type_acc, sample_type_db_id, sample_group, organisation_id, production_center_id, project_id) VALUES (147679, 'CR842-542-2', 22, 'EFO:0005857', 15, 'experimental', 2, 2, 1);
INSERT INTO biological_sample (id, external_id, db_id, sample_type_acc, sample_type_db_id, sample_group, organisation_id, production_center_id, project_id) VALUES (147689, 'CR842-542-3', 22, 'EFO:0005857', 15, 'experimental', 2, 2, 1);
INSERT INTO biological_sample (id, external_id, db_id, sample_type_acc, sample_type_db_id, sample_group, organisation_id, production_center_id, project_id) VALUES (147693, 'CR842-542-5', 22, 'EFO:0005857', 15, 'experimental', 2, 2, 1);
INSERT INTO biological_sample (id, external_id, db_id, sample_type_acc, sample_type_db_id, sample_group, organisation_id, production_center_id, project_id) VALUES (147697, 'CR842-542-4', 22, 'EFO:0005857', 15, 'experimental', 2, 2, 1);
INSERT INTO biological_sample (id, external_id, db_id, sample_type_acc, sample_type_db_id, sample_group, organisation_id, production_center_id, project_id) VALUES (147702, 'CR842-542-6', 22, 'EFO:0005857', 15, 'experimental', 2, 2, 1);
INSERT INTO biological_sample (id, external_id, db_id, sample_type_acc, sample_type_db_id, sample_group, organisation_id, production_center_id, project_id) VALUES (147707, 'CR842-542-7', 22, 'EFO:0005857', 15, 'experimental', 2, 2, 1);
INSERT INTO biological_sample (id, external_id, db_id, sample_type_acc, sample_type_db_id, sample_group, organisation_id, production_center_id, project_id) VALUES (147712, 'CR842-515-1', 22, 'EFO:0005857', 15, 'experimental', 2, 2, 1);
INSERT INTO biological_sample (id, external_id, db_id, sample_type_acc, sample_type_db_id, sample_group, organisation_id, production_center_id, project_id) VALUES (147718, 'CR842-515-3', 22, 'EFO:0005857', 15, 'experimental', 2, 2, 1);
INSERT INTO biological_sample (id, external_id, db_id, sample_type_acc, sample_type_db_id, sample_group, organisation_id, production_center_id, project_id) VALUES (147725, 'CR842-515-4', 22, 'EFO:0005857', 15, 'experimental', 2, 2, 1);
INSERT INTO biological_sample (id, external_id, db_id, sample_type_acc, sample_type_db_id, sample_group, organisation_id, production_center_id, project_id) VALUES (147731, 'CR842-515-6', 22, 'EFO:0005857', 15, 'experimental', 2, 2, 1);
INSERT INTO biological_sample (id, external_id, db_id, sample_type_acc, sample_type_db_id, sample_group, organisation_id, production_center_id, project_id) VALUES (147735, 'CR842-515-5', 22, 'EFO:0005857', 15, 'experimental', 2, 2, 1);
INSERT INTO biological_sample (id, external_id, db_id, sample_type_acc, sample_type_db_id, sample_group, organisation_id, production_center_id, project_id) VALUES (147742, 'CR842-515-7', 22, 'EFO:0005857', 15, 'experimental', 2, 2, 1);
INSERT INTO biological_sample (id, external_id, db_id, sample_type_acc, sample_type_db_id, sample_group, organisation_id, production_center_id, project_id) VALUES (147750, 'CR842-515-8', 22, 'EFO:0005857', 15, 'experimental', 2, 2, 1);
INSERT INTO biological_sample (id, external_id, db_id, sample_type_acc, sample_type_db_id, sample_group, organisation_id, production_center_id, project_id) VALUES (147760, 'CR842-515-9', 22, 'EFO:0005857', 15, 'experimental', 2, 2, 1);
INSERT INTO biological_sample (id, external_id, db_id, sample_type_acc, sample_type_db_id, sample_group, organisation_id, production_center_id, project_id) VALUES (147773, 'CR842-474-3', 22, 'EFO:0005857', 15, 'experimental', 2, 2, 1);
INSERT INTO biological_sample (id, external_id, db_id, sample_type_acc, sample_type_db_id, sample_group, organisation_id, production_center_id, project_id) VALUES (147778, 'CR842-474-1', 22, 'EFO:0005857', 15, 'experimental', 2, 2, 1);
INSERT INTO biological_sample (id, external_id, db_id, sample_type_acc, sample_type_db_id, sample_group, organisation_id, production_center_id, project_id) VALUES (147788, 'CR842-474-6', 22, 'EFO:0005857', 15, 'experimental', 2, 2, 1);
INSERT INTO biological_sample (id, external_id, db_id, sample_type_acc, sample_type_db_id, sample_group, organisation_id, production_center_id, project_id) VALUES (147792, 'CR842-474-4', 22, 'EFO:0005857', 15, 'experimental', 2, 2, 1);
INSERT INTO biological_sample (id, external_id, db_id, sample_type_acc, sample_type_db_id, sample_group, organisation_id, production_center_id, project_id) VALUES (147797, 'CR842-474-7', 22, 'EFO:0005857', 15, 'experimental', 2, 2, 1);
INSERT INTO biological_sample (id, external_id, db_id, sample_type_acc, sample_type_db_id, sample_group, organisation_id, production_center_id, project_id) VALUES (147806, 'CR842-474-8', 22, 'EFO:0005857', 15, 'experimental', 2, 2, 1);
INSERT INTO biological_sample (id, external_id, db_id, sample_type_acc, sample_type_db_id, sample_group, organisation_id, production_center_id, project_id) VALUES (147810, 'CR842-488-5', 22, 'EFO:0005857', 15, 'experimental', 2, 2, 1);
INSERT INTO biological_sample (id, external_id, db_id, sample_type_acc, sample_type_db_id, sample_group, organisation_id, production_center_id, project_id) VALUES (147816, 'CR842-488-2', 22, 'EFO:0005857', 15, 'experimental', 2, 2, 1);
INSERT INTO biological_sample (id, external_id, db_id, sample_type_acc, sample_type_db_id, sample_group, organisation_id, production_center_id, project_id) VALUES (147821, 'CR842-488-6', 22, 'EFO:0005857', 15, 'experimental', 2, 2, 1);
INSERT INTO biological_sample (id, external_id, db_id, sample_type_acc, sample_type_db_id, sample_group, organisation_id, production_center_id, project_id) VALUES (147831, 'CR842-504-3', 22, 'EFO:0005857', 15, 'experimental', 2, 2, 1);
INSERT INTO biological_sample (id, external_id, db_id, sample_type_acc, sample_type_db_id, sample_group, organisation_id, production_center_id, project_id) VALUES (147837, 'CR842-504-2', 22, 'EFO:0005857', 15, 'experimental', 2, 2, 1);
INSERT INTO biological_sample (id, external_id, db_id, sample_type_acc, sample_type_db_id, sample_group, organisation_id, production_center_id, project_id) VALUES (147845, 'CR842-504-6', 22, 'EFO:0005857', 15, 'experimental', 2, 2, 1);
INSERT INTO biological_sample (id, external_id, db_id, sample_type_acc, sample_type_db_id, sample_group, organisation_id, production_center_id, project_id) VALUES (147850, 'CR842-504-4', 22, 'EFO:0005857', 15, 'experimental', 2, 2, 1);
INSERT INTO biological_sample (id, external_id, db_id, sample_type_acc, sample_type_db_id, sample_group, organisation_id, production_center_id, project_id) VALUES (147855, 'CR842-504-8', 22, 'EFO:0005857', 15, 'experimental', 2, 2, 1);
INSERT INTO biological_sample (id, external_id, db_id, sample_type_acc, sample_type_db_id, sample_group, organisation_id, production_center_id, project_id) VALUES (147857, 'CR842-504-9', 22, 'EFO:0005857', 15, 'experimental', 2, 2, 1);
INSERT INTO biological_sample (id, external_id, db_id, sample_type_acc, sample_type_db_id, sample_group, organisation_id, production_center_id, project_id) VALUES (147863, 'CR842-480-2', 22, 'EFO:0005857', 15, 'experimental', 2, 2, 1);
INSERT INTO biological_sample (id, external_id, db_id, sample_type_acc, sample_type_db_id, sample_group, organisation_id, production_center_id, project_id) VALUES (147872, 'CR842-480-3', 22, 'EFO:0005857', 15, 'experimental', 2, 2, 1);
INSERT INTO biological_sample (id, external_id, db_id, sample_type_acc, sample_type_db_id, sample_group, organisation_id, production_center_id, project_id) VALUES (147875, 'CR842-486-1', 22, 'EFO:0005857', 15, 'experimental', 2, 2, 1);
INSERT INTO biological_sample (id, external_id, db_id, sample_type_acc, sample_type_db_id, sample_group, organisation_id, production_center_id, project_id) VALUES (147881, 'CR842-486-3', 22, 'EFO:0005857', 15, 'experimental', 2, 2, 1);
INSERT INTO biological_sample (id, external_id, db_id, sample_type_acc, sample_type_db_id, sample_group, organisation_id, production_center_id, project_id) VALUES (147890, 'CR842-486-4', 22, 'EFO:0005857', 15, 'experimental', 2, 2, 1);
INSERT INTO biological_sample (id, external_id, db_id, sample_type_acc, sample_type_db_id, sample_group, organisation_id, production_center_id, project_id) VALUES (147898, 'CR842-486-5', 22, 'EFO:0005857', 15, 'experimental', 2, 2, 1);
INSERT INTO biological_sample (id, external_id, db_id, sample_type_acc, sample_type_db_id, sample_group, organisation_id, production_center_id, project_id) VALUES (147901, 'CR842-632', 22, 'MA:0002405', 8, 'experimental', 2, 2, 1);
INSERT INTO biological_sample (id, external_id, db_id, sample_type_acc, sample_type_db_id, sample_group, organisation_id, production_center_id, project_id) VALUES (147908, 'CR842-634', 22, 'MA:0002405', 8, 'experimental', 2, 2, 1);
INSERT INTO biological_sample (id, external_id, db_id, sample_type_acc, sample_type_db_id, sample_group, organisation_id, production_center_id, project_id) VALUES (147915, 'CR842-635', 22, 'MA:0002405', 8, 'experimental', 2, 2, 1);
INSERT INTO biological_sample (id, external_id, db_id, sample_type_acc, sample_type_db_id, sample_group, organisation_id, production_center_id, project_id) VALUES (147917, 'CR842-638', 22, 'MA:0002405', 8, 'experimental', 2, 2, 1);
INSERT INTO biological_sample (id, external_id, db_id, sample_type_acc, sample_type_db_id, sample_group, organisation_id, production_center_id, project_id) VALUES (147923, 'CR842-649', 22, 'MA:0002405', 8, 'experimental', 2, 2, 1);
INSERT INTO biological_sample (id, external_id, db_id, sample_type_acc, sample_type_db_id, sample_group, organisation_id, production_center_id, project_id) VALUES (147924, 'CR842-645', 22, 'MA:0002405', 8, 'experimental', 2, 2, 1);
INSERT INTO biological_sample (id, external_id, db_id, sample_type_acc, sample_type_db_id, sample_group, organisation_id, production_center_id, project_id) VALUES (147932, 'CR842-650', 22, 'MA:0002405', 8, 'experimental', 2, 2, 1);
INSERT INTO biological_sample (id, external_id, db_id, sample_type_acc, sample_type_db_id, sample_group, organisation_id, production_center_id, project_id) VALUES (147939, 'CR842-656', 22, 'MA:0002405', 8, 'experimental', 2, 2, 1);
INSERT INTO biological_sample (id, external_id, db_id, sample_type_acc, sample_type_db_id, sample_group, organisation_id, production_center_id, project_id) VALUES (147946, 'CR842-654', 22, 'MA:0002405', 8, 'experimental', 2, 2, 1);
INSERT INTO biological_sample (id, external_id, db_id, sample_type_acc, sample_type_db_id, sample_group, organisation_id, production_center_id, project_id) VALUES (147948, 'CR842-663', 22, 'MA:0002405', 8, 'experimental', 2, 2, 1);
INSERT INTO biological_sample (id, external_id, db_id, sample_type_acc, sample_type_db_id, sample_group, organisation_id, production_center_id, project_id) VALUES (147953, 'CR842-657', 22, 'MA:0002405', 8, 'experimental', 2, 2, 1);
INSERT INTO biological_sample (id, external_id, db_id, sample_type_acc, sample_type_db_id, sample_group, organisation_id, production_center_id, project_id) VALUES (147960, 'CR842-676', 22, 'MA:0002405', 8, 'experimental', 2, 2, 1);
INSERT INTO biological_sample (id, external_id, db_id, sample_type_acc, sample_type_db_id, sample_group, organisation_id, production_center_id, project_id) VALUES (147966, 'CR842-675', 22, 'MA:0002405', 8, 'experimental', 2, 2, 1);
INSERT INTO biological_sample (id, external_id, db_id, sample_type_acc, sample_type_db_id, sample_group, organisation_id, production_center_id, project_id) VALUES (147972, 'CR842-672', 22, 'MA:0002405', 8, 'experimental', 2, 2, 1);
INSERT INTO biological_sample (id, external_id, db_id, sample_type_acc, sample_type_db_id, sample_group, organisation_id, production_center_id, project_id) VALUES (147984, 'CR842-680', 22, 'MA:0002405', 8, 'experimental', 2, 2, 1);
INSERT INTO biological_sample (id, external_id, db_id, sample_type_acc, sample_type_db_id, sample_group, organisation_id, production_center_id, project_id) VALUES (147989, 'CR842-677', 22, 'MA:0002405', 8, 'experimental', 2, 2, 1);
INSERT INTO biological_sample (id, external_id, db_id, sample_type_acc, sample_type_db_id, sample_group, organisation_id, production_center_id, project_id) VALUES (150488, 'ET9321-60', 22, 'MA:0002405', 8, 'experimental', 2, 32, 1);
INSERT INTO biological_sample (id, external_id, db_id, sample_type_acc, sample_type_db_id, sample_group, organisation_id, production_center_id, project_id) VALUES (150496, 'ET9321-70', 22, 'MA:0002405', 8, 'experimental', 2, 32, 1);
INSERT INTO biological_sample (id, external_id, db_id, sample_type_acc, sample_type_db_id, sample_group, organisation_id, production_center_id, project_id) VALUES (150501, 'ET9321-64', 22, 'MA:0002405', 8, 'experimental', 2, 32, 1);
INSERT INTO biological_sample (id, external_id, db_id, sample_type_acc, sample_type_db_id, sample_group, organisation_id, production_center_id, project_id) VALUES (150507, 'ET9321-58', 22, 'MA:0002405', 8, 'experimental', 2, 32, 1);
INSERT INTO biological_sample (id, external_id, db_id, sample_type_acc, sample_type_db_id, sample_group, organisation_id, production_center_id, project_id) VALUES (150513, 'ET9321-72', 22, 'MA:0002405', 8, 'experimental', 2, 32, 1);
INSERT INTO biological_sample (id, external_id, db_id, sample_type_acc, sample_type_db_id, sample_group, organisation_id, production_center_id, project_id) VALUES (150521, 'ET9321-77', 22, 'MA:0002405', 8, 'experimental', 2, 32, 1);
INSERT INTO biological_sample (id, external_id, db_id, sample_type_acc, sample_type_db_id, sample_group, organisation_id, production_center_id, project_id) VALUES (150522, 'ET9321-83', 22, 'MA:0002405', 8, 'experimental', 2, 32, 1);
INSERT INTO biological_sample (id, external_id, db_id, sample_type_acc, sample_type_db_id, sample_group, organisation_id, production_center_id, project_id) VALUES (150534, 'ET9321-79', 22, 'MA:0002405', 8, 'experimental', 2, 32, 1);
INSERT INTO biological_sample (id, external_id, db_id, sample_type_acc, sample_type_db_id, sample_group, organisation_id, production_center_id, project_id) VALUES (150540, 'ET9321-73', 22, 'MA:0002405', 8, 'experimental', 2, 32, 1);
INSERT INTO biological_sample (id, external_id, db_id, sample_type_acc, sample_type_db_id, sample_group, organisation_id, production_center_id, project_id) VALUES (150550, 'ET9321-82', 22, 'MA:0002405', 8, 'experimental', 2, 32, 1);
INSERT INTO biological_sample (id, external_id, db_id, sample_type_acc, sample_type_db_id, sample_group, organisation_id, production_center_id, project_id) VALUES (150555, 'ET9321-81', 22, 'MA:0002405', 8, 'experimental', 2, 32, 1);
INSERT INTO biological_sample (id, external_id, db_id, sample_type_acc, sample_type_db_id, sample_group, organisation_id, production_center_id, project_id) VALUES (150569, 'ET9321-84', 22, 'MA:0002405', 8, 'experimental', 2, 32, 1);
INSERT INTO biological_sample (id, external_id, db_id, sample_type_acc, sample_type_db_id, sample_group, organisation_id, production_center_id, project_id) VALUES (150579, 'ET9321-87', 22, 'MA:0002405', 8, 'experimental', 2, 32, 1);
INSERT INTO biological_sample (id, external_id, db_id, sample_type_acc, sample_type_db_id, sample_group, organisation_id, production_center_id, project_id) VALUES (150585, 'ET9321-92', 22, 'MA:0002405', 8, 'experimental', 2, 32, 1);
INSERT INTO biological_sample (id, external_id, db_id, sample_type_acc, sample_type_db_id, sample_group, organisation_id, production_center_id, project_id) VALUES (150601, 'ET9321-90', 22, 'MA:0002405', 8, 'experimental', 2, 32, 1);
INSERT INTO biological_sample (id, external_id, db_id, sample_type_acc, sample_type_db_id, sample_group, organisation_id, production_center_id, project_id) VALUES (150608, 'ET9321-97', 22, 'MA:0002405', 8, 'experimental', 2, 32, 1);
INSERT INTO biological_sample (id, external_id, db_id, sample_type_acc, sample_type_db_id, sample_group, organisation_id, production_center_id, project_id) VALUES (150623, 'ET9321-105', 22, 'MA:0002405', 8, 'experimental', 2, 32, 1);
INSERT INTO biological_sample (id, external_id, db_id, sample_type_acc, sample_type_db_id, sample_group, organisation_id, production_center_id, project_id) VALUES (150628, 'ET9321-101', 22, 'MA:0002405', 8, 'experimental', 2, 32, 1);
INSERT INTO biological_sample (id, external_id, db_id, sample_type_acc, sample_type_db_id, sample_group, organisation_id, production_center_id, project_id) VALUES (150631, 'ET9321-98', 22, 'MA:0002405', 8, 'experimental', 2, 32, 1);
INSERT INTO biological_sample (id, external_id, db_id, sample_type_acc, sample_type_db_id, sample_group, organisation_id, production_center_id, project_id) VALUES (150663, 'ET9321-107', 22, 'MA:0002405', 8, 'experimental', 2, 32, 1);
INSERT INTO biological_sample (id, external_id, db_id, sample_type_acc, sample_type_db_id, sample_group, organisation_id, production_center_id, project_id) VALUES (181774, 'ACEC_K3046-5-e9.5', 22, 'EFO:0005857', 15, 'experimental', 27, 32, 1);
INSERT INTO biological_sample (id, external_id, db_id, sample_type_acc, sample_type_db_id, sample_group, organisation_id, production_center_id, project_id) VALUES (181779, 'ACEC_K3046-4-e9.5', 22, 'EFO:0005857', 15, 'experimental', 27, 32, 1);
INSERT INTO biological_sample (id, external_id, db_id, sample_type_acc, sample_type_db_id, sample_group, organisation_id, production_center_id, project_id) VALUES (181784, 'ACEC_K3046-1-e9.5', 22, 'EFO:0005857', 15, 'experimental', 27, 32, 1);
INSERT INTO biological_sample (id, external_id, db_id, sample_type_acc, sample_type_db_id, sample_group, organisation_id, production_center_id, project_id) VALUES (181820, 'ACEC_K2978-2-e9.5', 22, 'EFO:0005857', 15, 'experimental', 27, 32, 1);
INSERT INTO biological_sample (id, external_id, db_id, sample_type_acc, sample_type_db_id, sample_group, organisation_id, production_center_id, project_id) VALUES (181823, 'ACEC_K3046-15-e9.5', 22, 'EFO:0005857', 15, 'experimental', 27, 32, 1);
INSERT INTO biological_sample (id, external_id, db_id, sample_type_acc, sample_type_db_id, sample_group, organisation_id, production_center_id, project_id) VALUES (181828, 'ACEC_K3046-13-e9.5', 22, 'EFO:0005857', 15, 'experimental', 27, 32, 1);
INSERT INTO biological_sample (id, external_id, db_id, sample_type_acc, sample_type_db_id, sample_group, organisation_id, production_center_id, project_id) VALUES (181837, 'ACEC_K3046-12-e9.5', 22, 'EFO:0005857', 15, 'experimental', 27, 32, 1);
INSERT INTO biological_sample (id, external_id, db_id, sample_type_acc, sample_type_db_id, sample_group, organisation_id, production_center_id, project_id) VALUES (181839, 'ACEC_K2633-7-e9.5', 22, 'EFO:0005857', 15, 'experimental', 27, 32, 1);
INSERT INTO biological_sample (id, external_id, db_id, sample_type_acc, sample_type_db_id, sample_group, organisation_id, production_center_id, project_id) VALUES (181844, 'ACEC_K3046-10-e9.5', 22, 'EFO:0005857', 15, 'experimental', 27, 32, 1);
INSERT INTO biological_sample (id, external_id, db_id, sample_type_acc, sample_type_db_id, sample_group, organisation_id, production_center_id, project_id) VALUES (181851, 'ACEC_K3046-8-e9.5', 22, 'EFO:0005857', 15, 'experimental', 27, 32, 1);
INSERT INTO biological_sample (id, external_id, db_id, sample_type_acc, sample_type_db_id, sample_group, organisation_id, production_center_id, project_id) VALUES (181856, 'ACEC_K2633-2-e9.5', 22, 'EFO:0005857', 15, 'experimental', 27, 32, 1);
INSERT INTO biological_sample (id, external_id, db_id, sample_type_acc, sample_type_db_id, sample_group, organisation_id, production_center_id, project_id) VALUES (181860, 'ACEC_K2633-1-e9.5', 22, 'EFO:0005857', 15, 'experimental', 27, 32, 1);
INSERT INTO biological_sample (id, external_id, db_id, sample_type_acc, sample_type_db_id, sample_group, organisation_id, production_center_id, project_id) VALUES (181864, 'ACEC_K3046-7-e9.5', 22, 'EFO:0005857', 15, 'experimental', 27, 32, 1);
INSERT INTO biological_sample (id, external_id, db_id, sample_type_acc, sample_type_db_id, sample_group, organisation_id, production_center_id, project_id) VALUES (181875, 'ACEC_3340', 22, 'EFO:0005857', 15, 'experimental', 27, 32, 1);
INSERT INTO biological_sample (id, external_id, db_id, sample_type_acc, sample_type_db_id, sample_group, organisation_id, production_center_id, project_id) VALUES (181880, 'ACEC_3339', 22, 'EFO:0005857', 15, 'experimental', 27, 32, 1);
INSERT INTO biological_sample (id, external_id, db_id, sample_type_acc, sample_type_db_id, sample_group, organisation_id, production_center_id, project_id) VALUES (181886, 'ACEC_K2633-13-e9.5', 22, 'EFO:0005857', 15, 'experimental', 27, 32, 1);
INSERT INTO biological_sample (id, external_id, db_id, sample_type_acc, sample_type_db_id, sample_group, organisation_id, production_center_id, project_id) VALUES (181891, 'ACEC_K2633-11-e9.5', 22, 'EFO:0005857', 15, 'experimental', 27, 32, 1);
INSERT INTO biological_sample (id, external_id, db_id, sample_type_acc, sample_type_db_id, sample_group, organisation_id, production_center_id, project_id) VALUES (181897, 'ACEC_K2633-10-e9.5', 22, 'EFO:0005857', 15, 'experimental', 27, 32, 1);
INSERT INTO biological_sample (id, external_id, db_id, sample_type_acc, sample_type_db_id, sample_group, organisation_id, production_center_id, project_id) VALUES (181902, 'ACEC_K2633-9-e9.5', 22, 'EFO:0005857', 15, 'experimental', 27, 32, 1);
INSERT INTO biological_sample (id, external_id, db_id, sample_type_acc, sample_type_db_id, sample_group, organisation_id, production_center_id, project_id) VALUES (181907, 'ACEC_K2633-8-e9.5', 22, 'EFO:0005857', 15, 'experimental', 27, 32, 1);
INSERT INTO biological_sample (id, external_id, db_id, sample_type_acc, sample_type_db_id, sample_group, organisation_id, production_center_id, project_id) VALUES (181914, 'ACEC_3737', 22, 'EFO:0005857', 15, 'experimental', 27, 32, 1);
INSERT INTO biological_sample (id, external_id, db_id, sample_type_acc, sample_type_db_id, sample_group, organisation_id, production_center_id, project_id) VALUES (181916, 'ACEC_K2633-5-e9.5', 22, 'EFO:0005857', 15, 'experimental', 27, 32, 1);
INSERT INTO biological_sample (id, external_id, db_id, sample_type_acc, sample_type_db_id, sample_group, organisation_id, production_center_id, project_id) VALUES (181918, 'ACEC_3738', 22, 'EFO:0005857', 15, 'experimental', 27, 32, 1);
INSERT INTO biological_sample (id, external_id, db_id, sample_type_acc, sample_type_db_id, sample_group, organisation_id, production_center_id, project_id) VALUES (181923, 'ACEC_K2633-3-e9.5', 22, 'EFO:0005857', 15, 'experimental', 27, 32, 1);
INSERT INTO biological_sample (id, external_id, db_id, sample_type_acc, sample_type_db_id, sample_group, organisation_id, production_center_id, project_id) VALUES (181926, 'ACEC_K2978-3-e9.5', 22, 'EFO:0005857', 15, 'experimental', 27, 32, 1);
INSERT INTO biological_sample (id, external_id, db_id, sample_type_acc, sample_type_db_id, sample_group, organisation_id, production_center_id, project_id) VALUES (181930, 'ACEC_3741', 22, 'EFO:0005857', 15, 'experimental', 27, 32, 1);
INSERT INTO biological_sample (id, external_id, db_id, sample_type_acc, sample_type_db_id, sample_group, organisation_id, production_center_id, project_id) VALUES (181943, 'ACEC_3736', 22, 'EFO:0005857', 15, 'experimental', 27, 32, 1);
INSERT INTO biological_sample (id, external_id, db_id, sample_type_acc, sample_type_db_id, sample_group, organisation_id, production_center_id, project_id) VALUES (181949, 'ACEC_3397', 22, 'EFO:0005857', 15, 'experimental', 27, 32, 1);
INSERT INTO biological_sample (id, external_id, db_id, sample_type_acc, sample_type_db_id, sample_group, organisation_id, production_center_id, project_id) VALUES (181950, 'ACEC_3999', 22, 'EFO:0005857', 15, 'experimental', 27, 32, 1);
INSERT INTO biological_sample (id, external_id, db_id, sample_type_acc, sample_type_db_id, sample_group, organisation_id, production_center_id, project_id) VALUES (181957, 'ACEC_3396', 22, 'EFO:0005857', 15, 'experimental', 27, 32, 1);
INSERT INTO biological_sample (id, external_id, db_id, sample_type_acc, sample_type_db_id, sample_group, organisation_id, production_center_id, project_id) VALUES (181965, 'ACEC_3395', 22, 'EFO:0005857', 15, 'experimental', 27, 32, 1);
INSERT INTO biological_sample (id, external_id, db_id, sample_type_acc, sample_type_db_id, sample_group, organisation_id, production_center_id, project_id) VALUES (181971, 'ACEC_3394', 22, 'EFO:0005857', 15, 'experimental', 27, 32, 1);
INSERT INTO biological_sample (id, external_id, db_id, sample_type_acc, sample_type_db_id, sample_group, organisation_id, production_center_id, project_id) VALUES (181975, 'ACEC_3393', 22, 'EFO:0005857', 15, 'experimental', 27, 32, 1);
INSERT INTO biological_sample (id, external_id, db_id, sample_type_acc, sample_type_db_id, sample_group, organisation_id, production_center_id, project_id) VALUES (181980, 'ACEC_3342', 22, 'EFO:0005857', 15, 'experimental', 27, 32, 1);
INSERT INTO biological_sample (id, external_id, db_id, sample_type_acc, sample_type_db_id, sample_group, organisation_id, production_center_id, project_id) VALUES (181985, 'ACEC_3341', 22, 'EFO:0005857', 15, 'experimental', 27, 32, 1);
INSERT INTO biological_sample (id, external_id, db_id, sample_type_acc, sample_type_db_id, sample_group, organisation_id, production_center_id, project_id) VALUES (182005, 'ACEC_K2633-6-e9.5', 22, 'EFO:0005857', 15, 'experimental', 27, 32, 1);
INSERT INTO biological_sample (id, external_id, db_id, sample_type_acc, sample_type_db_id, sample_group, organisation_id, production_center_id, project_id) VALUES (182008, 'ACEC_4027', 22, 'EFO:0005857', 15, 'experimental', 27, 32, 1);
INSERT INTO biological_sample (id, external_id, db_id, sample_type_acc, sample_type_db_id, sample_group, organisation_id, production_center_id, project_id) VALUES (182013, 'ACEC_4026', 22, 'EFO:0005857', 15, 'experimental', 27, 32, 1);
INSERT INTO biological_sample (id, external_id, db_id, sample_type_acc, sample_type_db_id, sample_group, organisation_id, production_center_id, project_id) VALUES (182019, 'ACEC_4024', 22, 'EFO:0005857', 15, 'experimental', 27, 32, 1);
INSERT INTO biological_sample (id, external_id, db_id, sample_type_acc, sample_type_db_id, sample_group, organisation_id, production_center_id, project_id) VALUES (182023, 'ACEC_4023', 22, 'EFO:0005857', 15, 'experimental', 27, 32, 1);
INSERT INTO biological_sample (id, external_id, db_id, sample_type_acc, sample_type_db_id, sample_group, organisation_id, production_center_id, project_id) VALUES (182027, 'ACEC_4000', 22, 'EFO:0005857', 15, 'experimental', 27, 32, 1);
INSERT INTO biological_sample (id, external_id, db_id, sample_type_acc, sample_type_db_id, sample_group, organisation_id, production_center_id, project_id) VALUES (182037, 'ACEC_3798', 22, 'EFO:0005857', 15, 'experimental', 27, 32, 1);
INSERT INTO biological_sample (id, external_id, db_id, sample_type_acc, sample_type_db_id, sample_group, organisation_id, production_center_id, project_id) VALUES (182043, 'ACEC_3742', 22, 'EFO:0005857', 15, 'experimental', 27, 32, 1);

INSERT INTO `biological_sample` VALUES (28605,'19587',12,'MA:0002405',8,'experimental',3, 3, 1);
INSERT INTO `biological_sample` VALUES (28617,'19604',12,'MA:0002405',8,'experimental',3, 3, 1);
INSERT INTO `biological_sample` VALUES (28619,'19603',12,'MA:0002405',8,'experimental',3, 3, 1);
INSERT INTO `biological_sample` VALUES (28620,'19600',12,'MA:0002405',8,'experimental',3, 3, 1);
INSERT INTO `biological_sample` VALUES (28621,'19597',12,'MA:0002405',8,'experimental',3, 3, 1);
INSERT INTO `biological_sample` VALUES (28622,'19596',12,'MA:0002405',8,'experimental',3, 3, 1);
INSERT INTO `biological_sample` VALUES (28624,'12737',12,'MA:0002405',8,'experimental',3, 3, 1);
INSERT INTO `biological_sample` VALUES (28625,'12736',12,'MA:0002405',8,'experimental',3, 3, 1);
INSERT INTO `biological_sample` VALUES (28626,'12734',12,'MA:0002405',8,'experimental',3, 3, 1);
INSERT INTO `biological_sample` VALUES (28628,'12729',12,'MA:0002405',8,'experimental',3, 3, 1);
INSERT INTO `biological_sample` VALUES (28629,'12728',12,'MA:0002405',8,'experimental',3, 3, 1);
INSERT INTO `biological_sample` VALUES (28630,'12727',12,'MA:0002405',8,'experimental',3, 3, 1);
INSERT INTO `biological_sample` VALUES (28631,'12676',12,'MA:0002405',8,'experimental',3, 3, 1);
INSERT INTO `biological_sample` VALUES (28633,'12675',12,'MA:0002405',8,'experimental',3, 3, 1);
INSERT INTO `biological_sample` VALUES (28634,'12670',12,'MA:0002405',8,'experimental',3, 3, 1);
INSERT INTO `biological_sample` VALUES (28635,'12669',12,'MA:0002405',8,'experimental',3, 3, 1);
INSERT INTO `biological_sample` VALUES (28640,'19629',12,'MA:0002405',8,'experimental',3, 3, 1);
INSERT INTO `biological_sample` VALUES (28655,'19701',12,'MA:0002405',8,'experimental',3, 3, 1);
INSERT INTO `biological_sample` VALUES (28657,'34272',12,'MA:0002405',8,'experimental',3, 3, 1);
INSERT INTO `biological_sample` VALUES (28658,'34269',12,'MA:0002405',8,'experimental',3, 3, 1);
INSERT INTO `biological_sample` VALUES (28659,'19696',12,'MA:0002405',8,'experimental',3, 3, 1);
INSERT INTO `biological_sample` VALUES (28660,'34283',12,'MA:0002405',8,'experimental',3, 3, 1);
INSERT INTO `biological_sample` VALUES (28661,'19680',12,'MA:0002405',8,'experimental',3, 3, 1);
INSERT INTO `biological_sample` VALUES (28663,'19675',12,'MA:0002405',8,'experimental',3, 3, 1);
INSERT INTO `biological_sample` VALUES (28665,'19674',12,'MA:0002405',8,'experimental',3, 3, 1);
INSERT INTO `biological_sample` VALUES (28666,'19670',12,'MA:0002405',8,'experimental',3, 3, 1);
INSERT INTO `biological_sample` VALUES (28667,'19665',12,'MA:0002405',8,'experimental',3, 3, 1);
INSERT INTO `biological_sample` VALUES (28668,'19664',12,'MA:0002405',8,'experimental',3, 3, 1);
INSERT INTO `biological_sample` VALUES (28669,'19663',12,'MA:0002405',8,'experimental',3, 3, 1);
INSERT INTO `biological_sample` VALUES (28671,'19653',12,'MA:0002405',8,'experimental',3, 3, 1);
INSERT INTO `biological_sample` VALUES (28672,'19652',12,'MA:0002405',8,'experimental',3, 3, 1);
INSERT INTO `biological_sample` VALUES (28673,'19648',12,'MA:0002405',8,'experimental',3, 3, 1);
INSERT INTO `biological_sample` VALUES (28674,'19647',12,'MA:0002405',8,'experimental',3, 3, 1);
INSERT INTO `biological_sample` VALUES (28675,'19643',12,'MA:0002405',8,'experimental',3, 3, 1);
INSERT INTO `biological_sample` VALUES (28676,'19640',12,'MA:0002405',8,'experimental',3, 3, 1);
INSERT INTO `biological_sample` VALUES (28678,'19639',12,'MA:0002405',8,'experimental',3, 3, 1);
INSERT INTO `biological_sample` VALUES (28679,'19636',12,'MA:0002405',8,'experimental',3, 3, 1);
INSERT INTO `biological_sample` VALUES (28680,'19626',12,'MA:0002405',8,'experimental',3, 3, 1);
INSERT INTO `biological_sample` VALUES (28681,'19622',12,'MA:0002405',8,'experimental',3, 3, 1);
INSERT INTO `biological_sample` VALUES (28683,'19611',12,'MA:0002405',8,'experimental',3, 3, 1);
INSERT INTO `biological_sample` VALUES (28684,'19609',12,'MA:0002405',8,'experimental',3, 3, 1);
INSERT INTO `biological_sample` VALUES (28686,'19608',12,'MA:0002405',8,'experimental',3, 3, 1);
INSERT INTO `biological_sample` VALUES (28687,'19606',12,'MA:0002405',8,'experimental',3, 3, 1);
INSERT INTO `biological_sample` VALUES (28688,'19605',12,'MA:0002405',8,'experimental',3, 3, 1);
INSERT INTO `biological_sample` VALUES (28701,'84664',12,'MA:0002405',8,'experimental',3, 3, 1);
INSERT INTO `biological_sample` VALUES (28702,'84558',12,'MA:0002405',8,'experimental',3, 3, 1);
INSERT INTO `biological_sample` VALUES (28704,'84551',12,'MA:0002405',8,'experimental',3, 3, 1);
INSERT INTO `biological_sample` VALUES (28705,'84540',12,'MA:0002405',8,'experimental',3, 3, 1);
INSERT INTO `biological_sample` VALUES (28706,'84527',12,'MA:0002405',8,'experimental',3, 3, 1);
INSERT INTO `biological_sample` VALUES (28707,'84523',12,'MA:0002405',8,'experimental',3, 3, 1);
INSERT INTO `biological_sample` VALUES (28708,'84520',12,'MA:0002405',8,'experimental',3, 3, 1);
INSERT INTO `biological_sample` VALUES (28709,'84515',12,'MA:0002405',8,'experimental',3, 3, 1);
INSERT INTO `biological_sample` VALUES (28711,'84510',12,'MA:0002405',8,'experimental',3, 3, 1);
INSERT INTO `biological_sample` VALUES (28712,'84490',12,'MA:0002405',8,'experimental',3, 3, 1);
INSERT INTO `biological_sample` VALUES (28713,'84481',12,'MA:0002405',8,'experimental',3, 3, 1);
INSERT INTO `biological_sample` VALUES (28714,'36243',12,'MA:0002405',8,'experimental',3, 3, 1);
INSERT INTO `biological_sample` VALUES (28715,'36242',12,'MA:0002405',8,'experimental',3, 3, 1);
INSERT INTO `biological_sample` VALUES (28717,'36211',12,'MA:0002405',8,'experimental',3, 3, 1);
INSERT INTO `biological_sample` VALUES (28719,'36178',12,'MA:0002405',8,'experimental',3, 3, 1);
INSERT INTO `biological_sample` VALUES (28721,'36177',12,'MA:0002405',8,'experimental',3, 3, 1);
INSERT INTO `biological_sample` VALUES (28722,'36161',12,'MA:0002405',8,'experimental',3, 3, 1);
INSERT INTO `biological_sample` VALUES (28723,'36160',12,'MA:0002405',8,'experimental',3, 3, 1);
INSERT INTO `biological_sample` VALUES (28724,'36157',12,'MA:0002405',8,'experimental',3, 3, 1);
INSERT INTO `biological_sample` VALUES (28726,'34314',12,'MA:0002405',8,'experimental',3, 3, 1);
INSERT INTO `biological_sample` VALUES (28727,'34305',12,'MA:0002405',8,'experimental',3, 3, 1);
INSERT INTO `biological_sample` VALUES (28729,'34285',12,'MA:0002405',8,'experimental',3, 3, 1);
INSERT INTO `biological_sample` VALUES (28730,'34281',12,'MA:0002405',8,'experimental',3, 3, 1);
INSERT INTO `biological_sample` VALUES (28731,'34275',12,'MA:0002405',8,'experimental',3, 3, 1);

INSERT INTO live_sample (id, colony_id, developmental_stage_acc, developmental_stage_db_id, sex, zygosity, date_of_birth, litter_id) VALUES (127914, 'BL3938', 'EFO:0002948', 15, 'female', 'heterozygote', '2014-10-13 00:00:00', 'BL3938_20141013');
INSERT INTO live_sample (id, colony_id, developmental_stage_acc, developmental_stage_db_id, sex, zygosity, date_of_birth, litter_id) VALUES (127932, 'BL3938', 'EFO:0002948', 15, 'male', 'heterozygote', '2014-10-13 00:00:00', 'BL3938_20141013');
INSERT INTO live_sample (id, colony_id, developmental_stage_acc, developmental_stage_db_id, sex, zygosity, date_of_birth, litter_id) VALUES (127942, 'BL3938', 'EFO:0002948', 15, 'female', 'heterozygote', '2014-10-13 00:00:00', 'BL3938_20141013');
INSERT INTO live_sample (id, colony_id, developmental_stage_acc, developmental_stage_db_id, sex, zygosity, date_of_birth, litter_id) VALUES (127952, 'BL3938', 'EFO:0002948', 15, 'male', 'heterozygote', '2014-10-13 00:00:00', 'BL3938_20141013');
INSERT INTO live_sample (id, colony_id, developmental_stage_acc, developmental_stage_db_id, sex, zygosity, date_of_birth, litter_id) VALUES (127968, 'BL3938', 'EFO:0002948', 15, 'female', 'heterozygote', '2014-10-23 00:00:00', 'BL3938_20141023');
INSERT INTO live_sample (id, colony_id, developmental_stage_acc, developmental_stage_db_id, sex, zygosity, date_of_birth, litter_id) VALUES (127978, 'BL3938', 'EFO:0002948', 15, 'female', 'heterozygote', '2014-10-23 00:00:00', 'BL3938_20141023');
INSERT INTO live_sample (id, colony_id, developmental_stage_acc, developmental_stage_db_id, sex, zygosity, date_of_birth, litter_id) VALUES (127994, 'BL3938', 'EFO:0002948', 15, 'male', 'heterozygote', '2014-10-23 00:00:00', 'BL3938_20141023');
INSERT INTO live_sample (id, colony_id, developmental_stage_acc, developmental_stage_db_id, sex, zygosity, date_of_birth, litter_id) VALUES (128012, 'BL3938', 'EFO:0002948', 15, 'female', 'heterozygote', '2014-11-07 00:00:00', 'BL3938_20141107');
INSERT INTO live_sample (id, colony_id, developmental_stage_acc, developmental_stage_db_id, sex, zygosity, date_of_birth, litter_id) VALUES (128016, 'BL3938', 'EFO:0002948', 15, 'female', 'heterozygote', '2014-11-08 00:00:00', 'BL3938_20141108');
INSERT INTO live_sample (id, colony_id, developmental_stage_acc, developmental_stage_db_id, sex, zygosity, date_of_birth, litter_id) VALUES (128026, 'BL3938', 'EFO:0002948', 15, 'male', 'heterozygote', '2014-11-07 00:00:00', 'BL3938_20141107');
INSERT INTO live_sample (id, colony_id, developmental_stage_acc, developmental_stage_db_id, sex, zygosity, date_of_birth, litter_id) VALUES (128036, 'BL3938', 'EFO:0002948', 15, 'female', 'heterozygote', '2014-11-10 00:00:00', 'BL3938_20141110');
INSERT INTO live_sample (id, colony_id, developmental_stage_acc, developmental_stage_db_id, sex, zygosity, date_of_birth, litter_id) VALUES (128045, 'BL3938', 'EFO:0002948', 15, 'female', 'heterozygote', '2014-11-10 00:00:00', 'BL3938_20141110');
INSERT INTO live_sample (id, colony_id, developmental_stage_acc, developmental_stage_db_id, sex, zygosity, date_of_birth, litter_id) VALUES (128054, 'BL3938', 'EFO:0002948', 15, 'male', 'heterozygote', '2014-11-10 00:00:00', 'BL3938_20141110');
INSERT INTO live_sample (id, colony_id, developmental_stage_acc, developmental_stage_db_id, sex, zygosity, date_of_birth, litter_id) VALUES (128063, 'BL3938', 'EFO:0002948', 15, 'female', 'heterozygote', '2014-11-30 00:00:00', 'BL3938_20141130');
INSERT INTO live_sample (id, colony_id, developmental_stage_acc, developmental_stage_db_id, sex, zygosity, date_of_birth, litter_id) VALUES (128079, 'BL3938', 'EFO:0002948', 15, 'female', 'heterozygote', '2014-11-28 00:00:00', 'BL3938_20141128');
INSERT INTO live_sample (id, colony_id, developmental_stage_acc, developmental_stage_db_id, sex, zygosity, date_of_birth, litter_id) VALUES (128094, 'BL3938', 'EFO:0002948', 15, 'male', 'heterozygote', '2015-07-13 00:00:00', 'BL3938_20150713');
INSERT INTO live_sample (id, colony_id, developmental_stage_acc, developmental_stage_db_id, sex, zygosity, date_of_birth, litter_id) VALUES (128115, 'BL3938', 'EFO:0002948', 15, 'male', 'heterozygote', '2015-07-13 00:00:00', 'BL3938_20150713');
INSERT INTO live_sample (id, colony_id, developmental_stage_acc, developmental_stage_db_id, sex, zygosity, date_of_birth, litter_id) VALUES (128135, 'BL3938', 'EFO:0002948', 15, 'male', 'heterozygote', '2015-07-13 00:00:00', 'BL3938_20150713');
INSERT INTO live_sample (id, colony_id, developmental_stage_acc, developmental_stage_db_id, sex, zygosity, date_of_birth, litter_id) VALUES (128270, 'BL3938', 'EFO:0002948', 15, 'male', 'heterozygote', '2015-07-13 00:00:00', 'BL3938_20150713');
INSERT INTO live_sample (id, colony_id, developmental_stage_acc, developmental_stage_db_id, sex, zygosity, date_of_birth, litter_id) VALUES (136177, 'BL3825', 'EFO:0002948', 15, 'female', 'homozygote', '2014-06-03 00:00:00', 'BL3825_20140603');
INSERT INTO live_sample (id, colony_id, developmental_stage_acc, developmental_stage_db_id, sex, zygosity, date_of_birth, litter_id) VALUES (136184, 'BL3825', 'EFO:0002948', 15, 'female', 'homozygote', '2014-06-06 00:00:00', 'BL3825_20140606');
INSERT INTO live_sample (id, colony_id, developmental_stage_acc, developmental_stage_db_id, sex, zygosity, date_of_birth, litter_id) VALUES (136196, 'BL3825', 'EFO:0002948', 15, 'female', 'heterozygote', '2014-06-08 00:00:00', 'BL3825_20140608');
INSERT INTO live_sample (id, colony_id, developmental_stage_acc, developmental_stage_db_id, sex, zygosity, date_of_birth, litter_id) VALUES (136202, 'BL3825', 'EFO:0002948', 15, 'male', 'homozygote', '2014-06-03 00:00:00', 'BL3825_20140603');
INSERT INTO live_sample (id, colony_id, developmental_stage_acc, developmental_stage_db_id, sex, zygosity, date_of_birth, litter_id) VALUES (136209, 'BL3825', 'EFO:0002948', 15, 'female', 'heterozygote', '2014-06-06 00:00:00', 'BL3825_20140606');
INSERT INTO live_sample (id, colony_id, developmental_stage_acc, developmental_stage_db_id, sex, zygosity, date_of_birth, litter_id) VALUES (136215, 'BL3825', 'EFO:0002948', 15, 'female', 'homozygote', '2014-06-07 00:00:00', 'BL3825_20140607');
INSERT INTO live_sample (id, colony_id, developmental_stage_acc, developmental_stage_db_id, sex, zygosity, date_of_birth, litter_id) VALUES (136222, 'BL3825', 'EFO:0002948', 15, 'female', 'homozygote', '2014-06-03 00:00:00', 'BL3825_20140603');
INSERT INTO live_sample (id, colony_id, developmental_stage_acc, developmental_stage_db_id, sex, zygosity, date_of_birth, litter_id) VALUES (136233, 'BL3825', 'EFO:0002948', 15, 'female', 'homozygote', '2014-06-03 00:00:00', 'BL3825_20140603');
INSERT INTO live_sample (id, colony_id, developmental_stage_acc, developmental_stage_db_id, sex, zygosity, date_of_birth, litter_id) VALUES (136248, 'BL3825', 'EFO:0002948', 15, 'female', 'heterozygote', '2014-06-08 00:00:00', 'BL3825_20140608');
INSERT INTO live_sample (id, colony_id, developmental_stage_acc, developmental_stage_db_id, sex, zygosity, date_of_birth, litter_id) VALUES (136252, 'BL3825', 'EFO:0002948', 15, 'male', 'homozygote', '2014-06-03 00:00:00', 'BL3825_20140603');
INSERT INTO live_sample (id, colony_id, developmental_stage_acc, developmental_stage_db_id, sex, zygosity, date_of_birth, litter_id) VALUES (136261, 'BL3825', 'EFO:0002948', 15, 'female', 'homozygote', '2014-08-12 00:00:00', 'BL3825_20140812');
INSERT INTO live_sample (id, colony_id, developmental_stage_acc, developmental_stage_db_id, sex, zygosity, date_of_birth, litter_id) VALUES (136264, 'BL3825', 'EFO:0002948', 15, 'female', 'homozygote', '2014-08-11 00:00:00', 'BL3825_20140811');
INSERT INTO live_sample (id, colony_id, developmental_stage_acc, developmental_stage_db_id, sex, zygosity, date_of_birth, litter_id) VALUES (136268, 'BL3825', 'EFO:0002948', 15, 'male', 'homozygote', '2014-06-09 00:00:00', 'BL3825_20140609');
INSERT INTO live_sample (id, colony_id, developmental_stage_acc, developmental_stage_db_id, sex, zygosity, date_of_birth, litter_id) VALUES (136284, 'BL3825', 'EFO:0002948', 15, 'male', 'homozygote', '2014-06-03 00:00:00', 'BL3825_20140603');
INSERT INTO live_sample (id, colony_id, developmental_stage_acc, developmental_stage_db_id, sex, zygosity, date_of_birth, litter_id) VALUES (136290, 'BL3825', 'EFO:0002948', 15, 'male', 'heterozygote', '2014-06-06 00:00:00', 'BL3825_20140606');
INSERT INTO live_sample (id, colony_id, developmental_stage_acc, developmental_stage_db_id, sex, zygosity, date_of_birth, litter_id) VALUES (136300, 'BL3825', 'EFO:0002948', 15, 'male', 'heterozygote', '2014-06-08 00:00:00', 'BL3825_20140608');
INSERT INTO live_sample (id, colony_id, developmental_stage_acc, developmental_stage_db_id, sex, zygosity, date_of_birth, litter_id) VALUES (136306, 'BL3825', 'EFO:0002948', 15, 'male', 'heterozygote', '2014-06-06 00:00:00', 'BL3825_20140606');
INSERT INTO live_sample (id, colony_id, developmental_stage_acc, developmental_stage_db_id, sex, zygosity, date_of_birth, litter_id) VALUES (136312, 'BL3825', 'EFO:0002948', 15, 'male', 'homozygote', '2014-06-08 00:00:00', 'BL3825_20140608');
INSERT INTO live_sample (id, colony_id, developmental_stage_acc, developmental_stage_db_id, sex, zygosity, date_of_birth, litter_id) VALUES (136333, 'BL3825', 'EFO:0002948', 15, 'male', 'homozygote', '2014-10-04 00:00:00', 'BL3825_20141004');
INSERT INTO live_sample (id, colony_id, developmental_stage_acc, developmental_stage_db_id, sex, zygosity, date_of_birth, litter_id) VALUES (136340, 'BL3825', 'EFO:0002948', 15, 'female', 'homozygote', '2014-09-24 00:00:00', 'BL3825_20140924');
INSERT INTO live_sample (id, colony_id, developmental_stage_acc, developmental_stage_db_id, sex, zygosity, date_of_birth, litter_id) VALUES (136348, 'BL3825', 'EFO:0002948', 15, 'male', 'heterozygote', '2014-08-11 00:00:00', 'BL3825_20140811');
INSERT INTO live_sample (id, colony_id, developmental_stage_acc, developmental_stage_db_id, sex, zygosity, date_of_birth, litter_id) VALUES (136355, 'BL3825', 'EFO:0002948', 15, 'male', 'homozygote', '2014-08-11 00:00:00', 'BL3825_20140811');
INSERT INTO live_sample (id, colony_id, developmental_stage_acc, developmental_stage_db_id, sex, zygosity, date_of_birth, litter_id) VALUES (137778, 'TCPA0975Cre', 'EFO:0002948', 15, 'male', 'homozygote', '2016-06-29 00:00:00', 'TCPA0975Cre_20160629');
INSERT INTO live_sample (id, colony_id, developmental_stage_acc, developmental_stage_db_id, sex, zygosity, date_of_birth, litter_id) VALUES (137784, 'TCPA0975Cre', 'EFO:0002948', 15, 'male', 'homozygote', '2016-07-05 00:00:00', 'TCPA0975Cre_20160705');
INSERT INTO live_sample (id, colony_id, developmental_stage_acc, developmental_stage_db_id, sex, zygosity, date_of_birth, litter_id) VALUES (137807, 'TCPA0975Cre', 'EFO:0002948', 15, 'male', 'homozygote', '2016-07-26 00:00:00', 'TCPA0975Cre_20160726');
INSERT INTO live_sample (id, colony_id, developmental_stage_acc, developmental_stage_db_id, sex, zygosity, date_of_birth, litter_id) VALUES (137812, 'TCPA0975Cre', 'EFO:0002948', 15, 'female', 'homozygote', '2016-07-26 00:00:00', 'TCPA0975Cre_20160726');
INSERT INTO live_sample (id, colony_id, developmental_stage_acc, developmental_stage_db_id, sex, zygosity, date_of_birth, litter_id) VALUES (137816, 'TCPA0975Cre', 'EFO:0002948', 15, 'male', 'homozygote', '2016-07-14 00:00:00', 'TCPA0975Cre_20160714');
INSERT INTO live_sample (id, colony_id, developmental_stage_acc, developmental_stage_db_id, sex, zygosity, date_of_birth, litter_id) VALUES (137822, 'TCPA0975Cre', 'EFO:0002948', 15, 'female', 'homozygote', '2016-07-14 00:00:00', 'TCPA0975Cre_20160714');
INSERT INTO live_sample (id, colony_id, developmental_stage_acc, developmental_stage_db_id, sex, zygosity, date_of_birth, litter_id) VALUES (137829, 'TCPA0975Cre', 'EFO:0002948', 15, 'female', 'homozygote', '2016-07-14 00:00:00', 'TCPA0975Cre_20160714');
INSERT INTO live_sample (id, colony_id, developmental_stage_acc, developmental_stage_db_id, sex, zygosity, date_of_birth, litter_id) VALUES (137841, 'TCPA0975Cre', 'EFO:0002948', 15, 'female', 'homozygote', '2016-08-11 00:00:00', 'TCPA0975Cre_20160811');
INSERT INTO live_sample (id, colony_id, developmental_stage_acc, developmental_stage_db_id, sex, zygosity, date_of_birth, litter_id) VALUES (137845, 'TCPA0975Cre', 'EFO:0002948', 15, 'male', 'homozygote', '2016-08-09 00:00:00', 'TCPA0975Cre_20160809');
INSERT INTO live_sample (id, colony_id, developmental_stage_acc, developmental_stage_db_id, sex, zygosity, date_of_birth, litter_id) VALUES (137849, 'TCPA0975Cre', 'EFO:0002948', 15, 'female', 'homozygote', '2016-08-09 00:00:00', 'TCPA0975Cre_20160809');
INSERT INTO live_sample (id, colony_id, developmental_stage_acc, developmental_stage_db_id, sex, zygosity, date_of_birth, litter_id) VALUES (137856, 'TCPA0975Cre', 'EFO:0002948', 15, 'female', 'heterozygote', '2016-08-09 00:00:00', 'TCPA0975Cre_20160809');
INSERT INTO live_sample (id, colony_id, developmental_stage_acc, developmental_stage_db_id, sex, zygosity, date_of_birth, litter_id) VALUES (137862, 'TCPA0975Cre', 'EFO:0002948', 15, 'male', 'homozygote', '2016-08-11 00:00:00', 'TCPA0975Cre_20160811');
INSERT INTO live_sample (id, colony_id, developmental_stage_acc, developmental_stage_db_id, sex, zygosity, date_of_birth, litter_id) VALUES (137863, 'TCPA0975Cre', 'EFO:0002948', 15, 'female', 'homozygote', '2016-08-09 00:00:00', 'TCPA0975Cre_20160809');
INSERT INTO live_sample (id, colony_id, developmental_stage_acc, developmental_stage_db_id, sex, zygosity, date_of_birth, litter_id) VALUES (137870, 'TCPA0975Cre', 'EFO:0002948', 15, 'female', 'homozygote', '2016-08-09 00:00:00', 'TCPA0975Cre_20160809');
INSERT INTO live_sample (id, colony_id, developmental_stage_acc, developmental_stage_db_id, sex, zygosity, date_of_birth, litter_id) VALUES (137875, 'TCPA0975Cre', 'EFO:0002948', 15, 'female', 'homozygote', '2016-07-11 00:00:00', 'TCPA0975Cre_20160711');
INSERT INTO live_sample (id, colony_id, developmental_stage_acc, developmental_stage_db_id, sex, zygosity, date_of_birth, litter_id) VALUES (137882, 'TCPA0975Cre', 'EFO:0002948', 15, 'male', 'heterozygote', '2016-08-11 00:00:00', 'TCPA0975Cre_20160811');
INSERT INTO live_sample (id, colony_id, developmental_stage_acc, developmental_stage_db_id, sex, zygosity, date_of_birth, litter_id) VALUES (137895, 'TCPA0975Cre', 'EFO:0002948', 15, 'male', 'homozygote', '2016-08-11 00:00:00', 'TCPA0975Cre_20160811');
INSERT INTO live_sample (id, colony_id, developmental_stage_acc, developmental_stage_db_id, sex, zygosity, date_of_birth, litter_id) VALUES (137907, 'TCPA0975Cre', 'EFO:0002948', 15, 'male', 'heterozygote', '2016-08-09 00:00:00', 'TCPA0975Cre_20160809');
INSERT INTO live_sample (id, colony_id, developmental_stage_acc, developmental_stage_db_id, sex, zygosity, date_of_birth, litter_id) VALUES (137913, 'TCPA0975Cre', 'EFO:0002948', 15, 'female', 'heterozygote', '2016-08-11 00:00:00', 'TCPA0975Cre_20160811');
INSERT INTO live_sample (id, colony_id, developmental_stage_acc, developmental_stage_db_id, sex, zygosity, date_of_birth, litter_id) VALUES (137927, 'TCPA0975Cre', 'EFO:0002948', 15, 'male', 'homozygote', '2016-06-09 00:00:00', 'TCPA0975Cre_20160609');
INSERT INTO live_sample (id, colony_id, developmental_stage_acc, developmental_stage_db_id, sex, zygosity, date_of_birth, litter_id) VALUES (147561, 'CR842', 'EFO:0002566', 15, 'male', 'homozygote', null, 'CR842');
INSERT INTO live_sample (id, colony_id, developmental_stage_acc, developmental_stage_db_id, sex, zygosity, date_of_birth, litter_id) VALUES (147567, 'CR842', 'EFO:0002566', 15, 'male', 'homozygote', null, 'CR842');
INSERT INTO live_sample (id, colony_id, developmental_stage_acc, developmental_stage_db_id, sex, zygosity, date_of_birth, litter_id) VALUES (147572, 'CR842', 'EFO:0002566', 15, 'female', 'homozygote', null, 'CR842');
INSERT INTO live_sample (id, colony_id, developmental_stage_acc, developmental_stage_db_id, sex, zygosity, date_of_birth, litter_id) VALUES (147577, 'CR842', 'EFO:0002566', 15, 'male', 'homozygote', null, 'CR842');
INSERT INTO live_sample (id, colony_id, developmental_stage_acc, developmental_stage_db_id, sex, zygosity, date_of_birth, litter_id) VALUES (147589, 'CR842', 'EFO:0002566', 15, 'female', 'homozygote', null, 'CR842');
INSERT INTO live_sample (id, colony_id, developmental_stage_acc, developmental_stage_db_id, sex, zygosity, date_of_birth, litter_id) VALUES (147594, 'CR842', 'EFO:0002566', 15, 'male', 'homozygote', null, 'CR842');
INSERT INTO live_sample (id, colony_id, developmental_stage_acc, developmental_stage_db_id, sex, zygosity, date_of_birth, litter_id) VALUES (147600, 'CR842', 'EFO:0002566', 15, 'female', 'homozygote', null, 'CR842');
INSERT INTO live_sample (id, colony_id, developmental_stage_acc, developmental_stage_db_id, sex, zygosity, date_of_birth, litter_id) VALUES (147607, 'CR842', 'EFO:0002566', 15, 'female', 'homozygote', null, 'CR842');
INSERT INTO live_sample (id, colony_id, developmental_stage_acc, developmental_stage_db_id, sex, zygosity, date_of_birth, litter_id) VALUES (147615, 'CR842', 'EFO:0002563', 15, 'male', 'heterozygote', null, 'CR842');
INSERT INTO live_sample (id, colony_id, developmental_stage_acc, developmental_stage_db_id, sex, zygosity, date_of_birth, litter_id) VALUES (147616, 'CR842', 'EFO:0002563', 15, 'male', 'heterozygote', null, 'CR842');
INSERT INTO live_sample (id, colony_id, developmental_stage_acc, developmental_stage_db_id, sex, zygosity, date_of_birth, litter_id) VALUES (147630, 'CR842', 'EFO:0002563', 15, 'female', 'heterozygote', null, 'CR842');
INSERT INTO live_sample (id, colony_id, developmental_stage_acc, developmental_stage_db_id, sex, zygosity, date_of_birth, litter_id) VALUES (147631, 'CR842', 'EFO:0002563', 15, 'female', 'heterozygote', null, 'CR842');
INSERT INTO live_sample (id, colony_id, developmental_stage_acc, developmental_stage_db_id, sex, zygosity, date_of_birth, litter_id) VALUES (147652, 'CR842', 'EFO:0002563', 15, 'male', 'homozygote', null, 'CR842');
INSERT INTO live_sample (id, colony_id, developmental_stage_acc, developmental_stage_db_id, sex, zygosity, date_of_birth, litter_id) VALUES (147661, 'CR842', 'EFO:0002563', 15, 'female', 'heterozygote', null, 'CR842');
INSERT INTO live_sample (id, colony_id, developmental_stage_acc, developmental_stage_db_id, sex, zygosity, date_of_birth, litter_id) VALUES (147668, 'CR842', 'EFO:0002563', 15, 'female', 'homozygote', null, 'CR842');
INSERT INTO live_sample (id, colony_id, developmental_stage_acc, developmental_stage_db_id, sex, zygosity, date_of_birth, litter_id) VALUES (147674, 'CR842', 'EFO:0002563', 15, 'male', 'homozygote', null, 'CR842');
INSERT INTO live_sample (id, colony_id, developmental_stage_acc, developmental_stage_db_id, sex, zygosity, date_of_birth, litter_id) VALUES (147679, 'CR842', 'EFO:0002563', 15, 'male', 'heterozygote', null, 'CR842');
INSERT INTO live_sample (id, colony_id, developmental_stage_acc, developmental_stage_db_id, sex, zygosity, date_of_birth, litter_id) VALUES (147689, 'CR842', 'EFO:0002563', 15, 'male', 'heterozygote', null, 'CR842');
INSERT INTO live_sample (id, colony_id, developmental_stage_acc, developmental_stage_db_id, sex, zygosity, date_of_birth, litter_id) VALUES (147693, 'CR842', 'EFO:0002563', 15, 'female', 'homozygote', null, 'CR842');
INSERT INTO live_sample (id, colony_id, developmental_stage_acc, developmental_stage_db_id, sex, zygosity, date_of_birth, litter_id) VALUES (147697, 'CR842', 'EFO:0002563', 15, 'male', 'heterozygote', null, 'CR842');
INSERT INTO live_sample (id, colony_id, developmental_stage_acc, developmental_stage_db_id, sex, zygosity, date_of_birth, litter_id) VALUES (147702, 'CR842', 'EFO:0002563', 15, 'female', 'homozygote', null, 'CR842');
INSERT INTO live_sample (id, colony_id, developmental_stage_acc, developmental_stage_db_id, sex, zygosity, date_of_birth, litter_id) VALUES (147707, 'CR842', 'EFO:0002563', 15, 'male', 'heterozygote', null, 'CR842');
INSERT INTO live_sample (id, colony_id, developmental_stage_acc, developmental_stage_db_id, sex, zygosity, date_of_birth, litter_id) VALUES (147712, 'CR842', 'EFO:0002563', 15, 'female', 'homozygote', null, 'CR842');
INSERT INTO live_sample (id, colony_id, developmental_stage_acc, developmental_stage_db_id, sex, zygosity, date_of_birth, litter_id) VALUES (147718, 'CR842', 'EFO:0002563', 15, 'female', 'heterozygote', null, 'CR842');
INSERT INTO live_sample (id, colony_id, developmental_stage_acc, developmental_stage_db_id, sex, zygosity, date_of_birth, litter_id) VALUES (147725, 'CR842', 'EFO:0002563', 15, 'male', 'heterozygote', null, 'CR842');
INSERT INTO live_sample (id, colony_id, developmental_stage_acc, developmental_stage_db_id, sex, zygosity, date_of_birth, litter_id) VALUES (147731, 'CR842', 'EFO:0002563', 15, 'male', 'homozygote', null, 'CR842');
INSERT INTO live_sample (id, colony_id, developmental_stage_acc, developmental_stage_db_id, sex, zygosity, date_of_birth, litter_id) VALUES (147735, 'CR842', 'EFO:0002563', 15, 'female', 'homozygote', null, 'CR842');
INSERT INTO live_sample (id, colony_id, developmental_stage_acc, developmental_stage_db_id, sex, zygosity, date_of_birth, litter_id) VALUES (147742, 'CR842', 'EFO:0002563', 15, 'female', 'heterozygote', null, 'CR842');
INSERT INTO live_sample (id, colony_id, developmental_stage_acc, developmental_stage_db_id, sex, zygosity, date_of_birth, litter_id) VALUES (147750, 'CR842', 'EFO:0002563', 15, 'male', 'heterozygote', null, 'CR842');
INSERT INTO live_sample (id, colony_id, developmental_stage_acc, developmental_stage_db_id, sex, zygosity, date_of_birth, litter_id) VALUES (147760, 'CR842', 'EFO:0002563', 15, 'female', 'heterozygote', null, 'CR842');
INSERT INTO live_sample (id, colony_id, developmental_stage_acc, developmental_stage_db_id, sex, zygosity, date_of_birth, litter_id) VALUES (147773, 'CR842', 'EFO:0002566', 15, 'female', 'heterozygote', null, 'CR842');
INSERT INTO live_sample (id, colony_id, developmental_stage_acc, developmental_stage_db_id, sex, zygosity, date_of_birth, litter_id) VALUES (147778, 'CR842', 'EFO:0002566', 15, 'female', 'heterozygote', null, 'CR842');
INSERT INTO live_sample (id, colony_id, developmental_stage_acc, developmental_stage_db_id, sex, zygosity, date_of_birth, litter_id) VALUES (147788, 'CR842', 'EFO:0002566', 15, 'male', 'heterozygote', null, 'CR842');
INSERT INTO live_sample (id, colony_id, developmental_stage_acc, developmental_stage_db_id, sex, zygosity, date_of_birth, litter_id) VALUES (147792, 'CR842', 'EFO:0002566', 15, 'male', 'heterozygote', null, 'CR842');
INSERT INTO live_sample (id, colony_id, developmental_stage_acc, developmental_stage_db_id, sex, zygosity, date_of_birth, litter_id) VALUES (147797, 'CR842', 'EFO:0002566', 15, 'male', 'heterozygote', null, 'CR842');
INSERT INTO live_sample (id, colony_id, developmental_stage_acc, developmental_stage_db_id, sex, zygosity, date_of_birth, litter_id) VALUES (147806, 'CR842', 'EFO:0002566', 15, 'male', 'heterozygote', null, 'CR842');
INSERT INTO live_sample (id, colony_id, developmental_stage_acc, developmental_stage_db_id, sex, zygosity, date_of_birth, litter_id) VALUES (147810, 'CR842', 'EFO:0002566', 15, 'female', 'heterozygote', null, 'CR842');
INSERT INTO live_sample (id, colony_id, developmental_stage_acc, developmental_stage_db_id, sex, zygosity, date_of_birth, litter_id) VALUES (147816, 'CR842', 'EFO:0002566', 15, 'female', 'heterozygote', null, 'CR842');
INSERT INTO live_sample (id, colony_id, developmental_stage_acc, developmental_stage_db_id, sex, zygosity, date_of_birth, litter_id) VALUES (147821, 'CR842', 'EFO:0002566', 15, 'male', 'heterozygote', null, 'CR842');
INSERT INTO live_sample (id, colony_id, developmental_stage_acc, developmental_stage_db_id, sex, zygosity, date_of_birth, litter_id) VALUES (147831, 'CR842', 'EFO:0002566', 15, 'male', 'heterozygote', null, 'CR842');
INSERT INTO live_sample (id, colony_id, developmental_stage_acc, developmental_stage_db_id, sex, zygosity, date_of_birth, litter_id) VALUES (147837, 'CR842', 'EFO:0002566', 15, 'male', 'heterozygote', null, 'CR842');
INSERT INTO live_sample (id, colony_id, developmental_stage_acc, developmental_stage_db_id, sex, zygosity, date_of_birth, litter_id) VALUES (147845, 'CR842', 'EFO:0002566', 15, 'female', 'heterozygote', null, 'CR842');
INSERT INTO live_sample (id, colony_id, developmental_stage_acc, developmental_stage_db_id, sex, zygosity, date_of_birth, litter_id) VALUES (147850, 'CR842', 'EFO:0002566', 15, 'female', 'heterozygote', null, 'CR842');
INSERT INTO live_sample (id, colony_id, developmental_stage_acc, developmental_stage_db_id, sex, zygosity, date_of_birth, litter_id) VALUES (147855, 'CR842', 'EFO:0002566', 15, 'female', 'heterozygote', null, 'CR842');
INSERT INTO live_sample (id, colony_id, developmental_stage_acc, developmental_stage_db_id, sex, zygosity, date_of_birth, litter_id) VALUES (147857, 'CR842', 'EFO:0002566', 15, 'female', 'heterozygote', null, 'CR842');
INSERT INTO live_sample (id, colony_id, developmental_stage_acc, developmental_stage_db_id, sex, zygosity, date_of_birth, litter_id) VALUES (147863, 'CR842', 'EFO:0002566', 15, 'female', 'heterozygote', null, 'CR842');
INSERT INTO live_sample (id, colony_id, developmental_stage_acc, developmental_stage_db_id, sex, zygosity, date_of_birth, litter_id) VALUES (147872, 'CR842', 'EFO:0002566', 15, 'female', 'heterozygote', null, 'CR842');
INSERT INTO live_sample (id, colony_id, developmental_stage_acc, developmental_stage_db_id, sex, zygosity, date_of_birth, litter_id) VALUES (147875, 'CR842', 'EFO:0002566', 15, 'male', 'heterozygote', null, 'CR842');
INSERT INTO live_sample (id, colony_id, developmental_stage_acc, developmental_stage_db_id, sex, zygosity, date_of_birth, litter_id) VALUES (147881, 'CR842', 'EFO:0002566', 15, 'female', 'heterozygote', null, 'CR842');
INSERT INTO live_sample (id, colony_id, developmental_stage_acc, developmental_stage_db_id, sex, zygosity, date_of_birth, litter_id) VALUES (147890, 'CR842', 'EFO:0002566', 15, 'male', 'heterozygote', null, 'CR842');
INSERT INTO live_sample (id, colony_id, developmental_stage_acc, developmental_stage_db_id, sex, zygosity, date_of_birth, litter_id) VALUES (147898, 'CR842', 'EFO:0002566', 15, 'female', 'heterozygote', null, 'CR842');
INSERT INTO live_sample (id, colony_id, developmental_stage_acc, developmental_stage_db_id, sex, zygosity, date_of_birth, litter_id) VALUES (147901, 'CR842', 'EFO:0002948', 15, 'female', 'heterozygote', '2016-12-22 00:00:00', 'CR842_20161222');
INSERT INTO live_sample (id, colony_id, developmental_stage_acc, developmental_stage_db_id, sex, zygosity, date_of_birth, litter_id) VALUES (147908, 'CR842', 'EFO:0002948', 15, 'male', 'heterozygote', '2016-12-22 00:00:00', 'CR842_20161222');
INSERT INTO live_sample (id, colony_id, developmental_stage_acc, developmental_stage_db_id, sex, zygosity, date_of_birth, litter_id) VALUES (147915, 'CR842', 'EFO:0002948', 15, 'male', 'heterozygote', '2016-12-22 00:00:00', 'CR842_20161222');
INSERT INTO live_sample (id, colony_id, developmental_stage_acc, developmental_stage_db_id, sex, zygosity, date_of_birth, litter_id) VALUES (147917, 'CR842', 'EFO:0002948', 15, 'male', 'heterozygote', '2016-12-22 00:00:00', 'CR842_20161222');
INSERT INTO live_sample (id, colony_id, developmental_stage_acc, developmental_stage_db_id, sex, zygosity, date_of_birth, litter_id) VALUES (147923, 'CR842', 'EFO:0002948', 15, 'male', 'heterozygote', '2016-12-24 00:00:00', 'CR842_20161224');
INSERT INTO live_sample (id, colony_id, developmental_stage_acc, developmental_stage_db_id, sex, zygosity, date_of_birth, litter_id) VALUES (147924, 'CR842', 'EFO:0002948', 15, 'female', 'heterozygote', '2016-12-24 00:00:00', 'CR842_20161224');
INSERT INTO live_sample (id, colony_id, developmental_stage_acc, developmental_stage_db_id, sex, zygosity, date_of_birth, litter_id) VALUES (147932, 'CR842', 'EFO:0002948', 15, 'male', 'heterozygote', '2016-12-24 00:00:00', 'CR842_20161224');
INSERT INTO live_sample (id, colony_id, developmental_stage_acc, developmental_stage_db_id, sex, zygosity, date_of_birth, litter_id) VALUES (147939, 'CR842', 'EFO:0002948', 15, 'male', 'heterozygote', '2016-12-25 00:00:00', 'CR842_20161225');
INSERT INTO live_sample (id, colony_id, developmental_stage_acc, developmental_stage_db_id, sex, zygosity, date_of_birth, litter_id) VALUES (147946, 'CR842', 'EFO:0002948', 15, 'male', 'heterozygote', '2016-12-25 00:00:00', 'CR842_20161225');
INSERT INTO live_sample (id, colony_id, developmental_stage_acc, developmental_stage_db_id, sex, zygosity, date_of_birth, litter_id) VALUES (147948, 'CR842', 'EFO:0002948', 15, 'female', 'heterozygote', '2017-01-12 00:00:00', 'CR842_20170112');
INSERT INTO live_sample (id, colony_id, developmental_stage_acc, developmental_stage_db_id, sex, zygosity, date_of_birth, litter_id) VALUES (147953, 'CR842', 'EFO:0002948', 15, 'male', 'heterozygote', '2016-12-25 00:00:00', 'CR842_20161225');
INSERT INTO live_sample (id, colony_id, developmental_stage_acc, developmental_stage_db_id, sex, zygosity, date_of_birth, litter_id) VALUES (147960, 'CR842', 'EFO:0002948', 15, 'female', 'heterozygote', '2017-02-01 00:00:00', 'CR842_20170201');
INSERT INTO live_sample (id, colony_id, developmental_stage_acc, developmental_stage_db_id, sex, zygosity, date_of_birth, litter_id) VALUES (147966, 'CR842', 'EFO:0002948', 15, 'female', 'heterozygote', '2017-01-17 00:00:00', 'CR842_20170117');
INSERT INTO live_sample (id, colony_id, developmental_stage_acc, developmental_stage_db_id, sex, zygosity, date_of_birth, litter_id) VALUES (147972, 'CR842', 'EFO:0002948', 15, 'female', 'heterozygote', '2017-01-17 00:00:00', 'CR842_20170117');
INSERT INTO live_sample (id, colony_id, developmental_stage_acc, developmental_stage_db_id, sex, zygosity, date_of_birth, litter_id) VALUES (147984, 'CR842', 'EFO:0002948', 15, 'female', 'heterozygote', '2017-02-01 00:00:00', 'CR842_20170201');
INSERT INTO live_sample (id, colony_id, developmental_stage_acc, developmental_stage_db_id, sex, zygosity, date_of_birth, litter_id) VALUES (147989, 'CR842', 'EFO:0002948', 15, 'female', 'heterozygote', '2017-02-01 00:00:00', 'CR842_20170201');
INSERT INTO live_sample (id, colony_id, developmental_stage_acc, developmental_stage_db_id, sex, zygosity, date_of_birth, litter_id) VALUES (150488, 'ET9321', 'EFO:0002948', 15, 'female', 'heterozygote', '2015-10-23 00:00:00', 'ET9321_20151023');
INSERT INTO live_sample (id, colony_id, developmental_stage_acc, developmental_stage_db_id, sex, zygosity, date_of_birth, litter_id) VALUES (150496, 'ET9321', 'EFO:0002948', 15, 'male', 'heterozygote', '2015-10-23 00:00:00', 'ET9321_20151023');
INSERT INTO live_sample (id, colony_id, developmental_stage_acc, developmental_stage_db_id, sex, zygosity, date_of_birth, litter_id) VALUES (150501, 'ET9321', 'EFO:0002948', 15, 'female', 'heterozygote', '2015-10-23 00:00:00', 'ET9321_20151023');
INSERT INTO live_sample (id, colony_id, developmental_stage_acc, developmental_stage_db_id, sex, zygosity, date_of_birth, litter_id) VALUES (150507, 'ET9321', 'EFO:0002948', 15, 'male', 'homozygote', '2015-10-30 00:00:00', 'ET9321_20151030');
INSERT INTO live_sample (id, colony_id, developmental_stage_acc, developmental_stage_db_id, sex, zygosity, date_of_birth, litter_id) VALUES (150513, 'ET9321', 'EFO:0002948', 15, 'male', 'heterozygote', '2015-10-23 00:00:00', 'ET9321_20151023');
INSERT INTO live_sample (id, colony_id, developmental_stage_acc, developmental_stage_db_id, sex, zygosity, date_of_birth, litter_id) VALUES (150521, 'ET9321', 'EFO:0002948', 15, 'female', 'homozygote', '2015-11-08 00:00:00', 'ET9321_20151108');
INSERT INTO live_sample (id, colony_id, developmental_stage_acc, developmental_stage_db_id, sex, zygosity, date_of_birth, litter_id) VALUES (150522, 'ET9321', 'EFO:0002948', 15, 'male', 'homozygote', '2015-11-08 00:00:00', 'ET9321_20151108');
INSERT INTO live_sample (id, colony_id, developmental_stage_acc, developmental_stage_db_id, sex, zygosity, date_of_birth, litter_id) VALUES (150534, 'ET9321', 'EFO:0002948', 15, 'female', 'homozygote', '2015-11-08 00:00:00', 'ET9321_20151108');
INSERT INTO live_sample (id, colony_id, developmental_stage_acc, developmental_stage_db_id, sex, zygosity, date_of_birth, litter_id) VALUES (150540, 'ET9321', 'EFO:0002948', 15, 'female', 'homozygote', '2015-11-11 00:00:00', 'ET9321_20151111');
INSERT INTO live_sample (id, colony_id, developmental_stage_acc, developmental_stage_db_id, sex, zygosity, date_of_birth, litter_id) VALUES (150550, 'ET9321', 'EFO:0002948', 15, 'male', 'homozygote', '2015-11-11 00:00:00', 'ET9321_20151111');
INSERT INTO live_sample (id, colony_id, developmental_stage_acc, developmental_stage_db_id, sex, zygosity, date_of_birth, litter_id) VALUES (150555, 'ET9321', 'EFO:0002948', 15, 'male', 'homozygote', '2015-11-11 00:00:00', 'ET9321_20151111');
INSERT INTO live_sample (id, colony_id, developmental_stage_acc, developmental_stage_db_id, sex, zygosity, date_of_birth, litter_id) VALUES (150569, 'ET9321', 'EFO:0002948', 15, 'female', 'homozygote', '2015-12-01 00:00:00', 'ET9321_20151201');
INSERT INTO live_sample (id, colony_id, developmental_stage_acc, developmental_stage_db_id, sex, zygosity, date_of_birth, litter_id) VALUES (150579, 'ET9321', 'EFO:0002948', 15, 'female', 'homozygote', '2015-12-01 00:00:00', 'ET9321_20151201');
INSERT INTO live_sample (id, colony_id, developmental_stage_acc, developmental_stage_db_id, sex, zygosity, date_of_birth, litter_id) VALUES (150585, 'ET9321', 'EFO:0002948', 15, 'female', 'homozygote', '2015-12-01 00:00:00', 'ET9321_20151201');
INSERT INTO live_sample (id, colony_id, developmental_stage_acc, developmental_stage_db_id, sex, zygosity, date_of_birth, litter_id) VALUES (150601, 'ET9321', 'EFO:0002948', 15, 'female', 'homozygote', '2015-12-01 00:00:00', 'ET9321_20151201');
INSERT INTO live_sample (id, colony_id, developmental_stage_acc, developmental_stage_db_id, sex, zygosity, date_of_birth, litter_id) VALUES (150608, 'ET9321', 'EFO:0002948', 15, 'male', 'homozygote', '2015-12-01 00:00:00', 'ET9321_20151201');
INSERT INTO live_sample (id, colony_id, developmental_stage_acc, developmental_stage_db_id, sex, zygosity, date_of_birth, litter_id) VALUES (150623, 'ET9321', 'EFO:0002948', 15, 'male', 'homozygote', '2015-12-11 00:00:00', 'ET9321_20151211');
INSERT INTO live_sample (id, colony_id, developmental_stage_acc, developmental_stage_db_id, sex, zygosity, date_of_birth, litter_id) VALUES (150628, 'ET9321', 'EFO:0002948', 15, 'female', 'homozygote', '2015-12-11 00:00:00', 'ET9321_20151211');
INSERT INTO live_sample (id, colony_id, developmental_stage_acc, developmental_stage_db_id, sex, zygosity, date_of_birth, litter_id) VALUES (150631, 'ET9321', 'EFO:0002948', 15, 'male', 'homozygote', '2015-12-01 00:00:00', 'ET9321_20151201');
INSERT INTO live_sample (id, colony_id, developmental_stage_acc, developmental_stage_db_id, sex, zygosity, date_of_birth, litter_id) VALUES (150663, 'ET9321', 'EFO:0002948', 15, 'male', 'homozygote', '2015-12-11 00:00:00', 'ET9321_20151211');
INSERT INTO live_sample (id, colony_id, developmental_stage_acc, developmental_stage_db_id, sex, zygosity, date_of_birth, litter_id) VALUES (181774, 'BL3938_TCP', 'EFO:0007641', 15, 'female', 'heterozygote', null, 'B7324');
INSERT INTO live_sample (id, colony_id, developmental_stage_acc, developmental_stage_db_id, sex, zygosity, date_of_birth, litter_id) VALUES (181779, 'BL3938_TCP', 'EFO:0007641', 15, 'female', 'heterozygote', null, 'B7324');
INSERT INTO live_sample (id, colony_id, developmental_stage_acc, developmental_stage_db_id, sex, zygosity, date_of_birth, litter_id) VALUES (181784, 'BL3938_TCP', 'EFO:0007641', 15, 'female', 'heterozygote', null, 'B7324');
INSERT INTO live_sample (id, colony_id, developmental_stage_acc, developmental_stage_db_id, sex, zygosity, date_of_birth, litter_id) VALUES (181820, 'BL3938_TCP', 'EFO:0007641', 15, 'female', 'heterozygote', null, 'B7928');
INSERT INTO live_sample (id, colony_id, developmental_stage_acc, developmental_stage_db_id, sex, zygosity, date_of_birth, litter_id) VALUES (181823, 'BL3938_TCP', 'EFO:0007641', 15, 'male', 'heterozygote', null, 'B7715');
INSERT INTO live_sample (id, colony_id, developmental_stage_acc, developmental_stage_db_id, sex, zygosity, date_of_birth, litter_id) VALUES (181828, 'BL3938_TCP', 'EFO:0007641', 15, 'female', 'heterozygote', null, 'B7715');
INSERT INTO live_sample (id, colony_id, developmental_stage_acc, developmental_stage_db_id, sex, zygosity, date_of_birth, litter_id) VALUES (181837, 'BL3938_TCP', 'EFO:0007641', 15, 'female', 'heterozygote', null, 'B7715');
INSERT INTO live_sample (id, colony_id, developmental_stage_acc, developmental_stage_db_id, sex, zygosity, date_of_birth, litter_id) VALUES (181839, 'BL3938_TCP', 'EFO:0007641', 15, 'male', 'heterozygote', null, 'B8139');
INSERT INTO live_sample (id, colony_id, developmental_stage_acc, developmental_stage_db_id, sex, zygosity, date_of_birth, litter_id) VALUES (181844, 'BL3938_TCP', 'EFO:0007641', 15, 'female', 'heterozygote', null, 'B7715');
INSERT INTO live_sample (id, colony_id, developmental_stage_acc, developmental_stage_db_id, sex, zygosity, date_of_birth, litter_id) VALUES (181851, 'BL3938_TCP', 'EFO:0007641', 15, 'male', 'heterozygote', null, 'B7715');
INSERT INTO live_sample (id, colony_id, developmental_stage_acc, developmental_stage_db_id, sex, zygosity, date_of_birth, litter_id) VALUES (181856, 'BL3938_TCP', 'EFO:0007641', 15, 'male', 'heterozygote', null, 'B7520');
INSERT INTO live_sample (id, colony_id, developmental_stage_acc, developmental_stage_db_id, sex, zygosity, date_of_birth, litter_id) VALUES (181860, 'BL3938_TCP', 'EFO:0007641', 15, 'female', 'heterozygote', null, 'B7520');
INSERT INTO live_sample (id, colony_id, developmental_stage_acc, developmental_stage_db_id, sex, zygosity, date_of_birth, litter_id) VALUES (181864, 'BL3938_TCP', 'EFO:0007641', 15, 'male', 'heterozygote', null, 'B7324');
INSERT INTO live_sample (id, colony_id, developmental_stage_acc, developmental_stage_db_id, sex, zygosity, date_of_birth, litter_id) VALUES (181875, 'BL3938_TCP', 'EFO:0002563', 15, 'female', 'heterozygote', null, 'B1720');
INSERT INTO live_sample (id, colony_id, developmental_stage_acc, developmental_stage_db_id, sex, zygosity, date_of_birth, litter_id) VALUES (181880, 'BL3938_TCP', 'EFO:0002563', 15, 'male', 'heterozygote', null, 'B1720');
INSERT INTO live_sample (id, colony_id, developmental_stage_acc, developmental_stage_db_id, sex, zygosity, date_of_birth, litter_id) VALUES (181886, 'BL3938_TCP', 'EFO:0007641', 15, 'female', 'heterozygote', null, 'B8140');
INSERT INTO live_sample (id, colony_id, developmental_stage_acc, developmental_stage_db_id, sex, zygosity, date_of_birth, litter_id) VALUES (181891, 'BL3938_TCP', 'EFO:0007641', 15, 'male', 'heterozygote', null, 'B8140');
INSERT INTO live_sample (id, colony_id, developmental_stage_acc, developmental_stage_db_id, sex, zygosity, date_of_birth, litter_id) VALUES (181897, 'BL3938_TCP', 'EFO:0007641', 15, 'female', 'heterozygote', null, 'B8140');
INSERT INTO live_sample (id, colony_id, developmental_stage_acc, developmental_stage_db_id, sex, zygosity, date_of_birth, litter_id) VALUES (181902, 'BL3938_TCP', 'EFO:0007641', 15, 'male', 'heterozygote', null, 'B8140');
INSERT INTO live_sample (id, colony_id, developmental_stage_acc, developmental_stage_db_id, sex, zygosity, date_of_birth, litter_id) VALUES (181907, 'BL3938_TCP', 'EFO:0007641', 15, 'female', 'heterozygote', null, 'B8139');
INSERT INTO live_sample (id, colony_id, developmental_stage_acc, developmental_stage_db_id, sex, zygosity, date_of_birth, litter_id) VALUES (181914, 'BL3938_TCP', 'EFO:0002563', 15, 'female', 'heterozygote', null, 'B1898');
INSERT INTO live_sample (id, colony_id, developmental_stage_acc, developmental_stage_db_id, sex, zygosity, date_of_birth, litter_id) VALUES (181916, 'BL3938_TCP', 'EFO:0007641', 15, 'male', 'heterozygote', null, 'B8139');
INSERT INTO live_sample (id, colony_id, developmental_stage_acc, developmental_stage_db_id, sex, zygosity, date_of_birth, litter_id) VALUES (181918, 'BL3938_TCP', 'EFO:0002563', 15, 'male', 'heterozygote', null, 'B1898');
INSERT INTO live_sample (id, colony_id, developmental_stage_acc, developmental_stage_db_id, sex, zygosity, date_of_birth, litter_id) VALUES (181923, 'BL3938_TCP', 'EFO:0007641', 15, 'female', 'heterozygote', null, 'B8139');
INSERT INTO live_sample (id, colony_id, developmental_stage_acc, developmental_stage_db_id, sex, zygosity, date_of_birth, litter_id) VALUES (181926, 'BL3938_TCP', 'EFO:0007641', 15, 'female', 'heterozygote', null, 'B7928');
INSERT INTO live_sample (id, colony_id, developmental_stage_acc, developmental_stage_db_id, sex, zygosity, date_of_birth, litter_id) VALUES (181930, 'BL3938_TCP', 'EFO:0002563', 15, 'female', 'heterozygote', null, 'B1898');
INSERT INTO live_sample (id, colony_id, developmental_stage_acc, developmental_stage_db_id, sex, zygosity, date_of_birth, litter_id) VALUES (181943, 'BL3938_TCP', 'EFO:0002563', 15, 'female', 'heterozygote', null, 'B1898');
INSERT INTO live_sample (id, colony_id, developmental_stage_acc, developmental_stage_db_id, sex, zygosity, date_of_birth, litter_id) VALUES (181949, 'BL3938_TCP', 'EFO:0002563', 15, 'male', 'heterozygote', null, 'B1762');
INSERT INTO live_sample (id, colony_id, developmental_stage_acc, developmental_stage_db_id, sex, zygosity, date_of_birth, litter_id) VALUES (181950, 'BL3938_TCP', 'EFO:0002563', 15, 'male', 'heterozygote', null, 'B1990');
INSERT INTO live_sample (id, colony_id, developmental_stage_acc, developmental_stage_db_id, sex, zygosity, date_of_birth, litter_id) VALUES (181957, 'BL3938_TCP', 'EFO:0002563', 15, 'male', 'heterozygote', null, 'B1762');
INSERT INTO live_sample (id, colony_id, developmental_stage_acc, developmental_stage_db_id, sex, zygosity, date_of_birth, litter_id) VALUES (181965, 'BL3938_TCP', 'EFO:0002563', 15, 'male', 'heterozygote', null, 'B1762');
INSERT INTO live_sample (id, colony_id, developmental_stage_acc, developmental_stage_db_id, sex, zygosity, date_of_birth, litter_id) VALUES (181971, 'BL3938_TCP', 'EFO:0002563', 15, 'female', 'heterozygote', null, 'B1762');
INSERT INTO live_sample (id, colony_id, developmental_stage_acc, developmental_stage_db_id, sex, zygosity, date_of_birth, litter_id) VALUES (181975, 'BL3938_TCP', 'EFO:0002563', 15, 'male', 'heterozygote', null, 'B1762');
INSERT INTO live_sample (id, colony_id, developmental_stage_acc, developmental_stage_db_id, sex, zygosity, date_of_birth, litter_id) VALUES (181980, 'BL3938_TCP', 'EFO:0002563', 15, 'female', 'heterozygote', null, 'B1720');
INSERT INTO live_sample (id, colony_id, developmental_stage_acc, developmental_stage_db_id, sex, zygosity, date_of_birth, litter_id) VALUES (181985, 'BL3938_TCP', 'EFO:0002563', 15, 'female', 'heterozygote', null, 'B1720');
INSERT INTO live_sample (id, colony_id, developmental_stage_acc, developmental_stage_db_id, sex, zygosity, date_of_birth, litter_id) VALUES (182005, 'BL3938_TCP', 'EFO:0007641', 15, 'female', 'heterozygote', null, 'B8139');
INSERT INTO live_sample (id, colony_id, developmental_stage_acc, developmental_stage_db_id, sex, zygosity, date_of_birth, litter_id) VALUES (182008, 'BL3938_TCP', 'EFO:0002563', 15, 'female', 'heterozygote', null, 'B2002');
INSERT INTO live_sample (id, colony_id, developmental_stage_acc, developmental_stage_db_id, sex, zygosity, date_of_birth, litter_id) VALUES (182013, 'BL3938_TCP', 'EFO:0002563', 15, 'male', 'heterozygote', null, 'B2002');
INSERT INTO live_sample (id, colony_id, developmental_stage_acc, developmental_stage_db_id, sex, zygosity, date_of_birth, litter_id) VALUES (182019, 'BL3938_TCP', 'EFO:0002563', 15, 'male', 'heterozygote', null, 'B2002');
INSERT INTO live_sample (id, colony_id, developmental_stage_acc, developmental_stage_db_id, sex, zygosity, date_of_birth, litter_id) VALUES (182023, 'BL3938_TCP', 'EFO:0002563', 15, 'male', 'heterozygote', null, 'B2002');
INSERT INTO live_sample (id, colony_id, developmental_stage_acc, developmental_stage_db_id, sex, zygosity, date_of_birth, litter_id) VALUES (182027, 'BL3938_TCP', 'EFO:0002563', 15, 'male', 'heterozygote', null, 'B1990');
INSERT INTO live_sample (id, colony_id, developmental_stage_acc, developmental_stage_db_id, sex, zygosity, date_of_birth, litter_id) VALUES (182037, 'BL3938_TCP', 'EFO:0002563', 15, 'female', 'heterozygote', null, 'B1927');
INSERT INTO live_sample (id, colony_id, developmental_stage_acc, developmental_stage_db_id, sex, zygosity, date_of_birth, litter_id) VALUES (182043, 'BL3938_TCP', 'EFO:0002563', 15, 'female', 'heterozygote', null, 'B1898');

INSERT INTO `live_sample` VALUES (28605,'clone 1','EFO:0002948',15,'male','homozygote','2007-12-12 00:00:00','unknown');
INSERT INTO `live_sample` VALUES (28617,'clone 1','EFO:0002948',15,'female','heterozygote','2007-12-16 00:00:00','unknown');
INSERT INTO `live_sample` VALUES (28619,'clone 1','EFO:0002948',15,'female','homozygote','2007-12-16 00:00:00','unknown');
INSERT INTO `live_sample` VALUES (28620,'clone 1','EFO:0002948',15,'female','homozygote','2007-12-16 00:00:00','unknown');
INSERT INTO `live_sample` VALUES (28621,'clone 1','EFO:0002948',15,'female','homozygote','2007-12-16 00:00:00','unknown');
INSERT INTO `live_sample` VALUES (28622,'clone 1','EFO:0002948',15,'male','heterozygote','2007-12-16 00:00:00','unknown');
INSERT INTO `live_sample` VALUES (28624,'clone 1','EFO:0002948',15,'male','heterozygote','2007-09-25 23:00:00','unknown');
INSERT INTO `live_sample` VALUES (28625,'clone 1','EFO:0002948',15,'male','heterozygote','2007-09-25 23:00:00','unknown');
INSERT INTO `live_sample` VALUES (28626,'clone 1','EFO:0002948',15,'male','heterozygote','2007-09-25 23:00:00','unknown');
INSERT INTO `live_sample` VALUES (28628,'clone 1','EFO:0002948',15,'male','heterozygote','2007-09-24 23:00:00','unknown');
INSERT INTO `live_sample` VALUES (28629,'clone 1','EFO:0002948',15,'male','heterozygote','2007-09-24 23:00:00','unknown');
INSERT INTO `live_sample` VALUES (28630,'clone 1','EFO:0002948',15,'male','heterozygote','2007-09-24 23:00:00','unknown');
INSERT INTO `live_sample` VALUES (28631,'clone 1','EFO:0002948',15,'male','heterozygote','2007-09-26 23:00:00','unknown');
INSERT INTO `live_sample` VALUES (28633,'clone 1','EFO:0002948',15,'male','heterozygote','2007-09-26 23:00:00','unknown');
INSERT INTO `live_sample` VALUES (28634,'clone 1','EFO:0002948',15,'male','heterozygote','2007-09-26 23:00:00','unknown');
INSERT INTO `live_sample` VALUES (28635,'clone 1','EFO:0002948',15,'male','heterozygote','2007-09-26 23:00:00','unknown');
INSERT INTO `live_sample` VALUES (28640,'clone 1','EFO:0002948',15,'male','homozygote','2007-12-13 00:00:00','unknown');
INSERT INTO `live_sample` VALUES (28655,'clone 1','EFO:0002948',15,'male','homozygote','2007-12-16 00:00:00','unknown');
INSERT INTO `live_sample` VALUES (28657,'clone 1','EFO:0002948',15,'male','homozygote','2008-01-28 00:00:00','unknown');
INSERT INTO `live_sample` VALUES (28658,'clone 1','EFO:0002948',15,'female','homozygote','2008-01-29 00:00:00','unknown');
INSERT INTO `live_sample` VALUES (28659,'clone 1','EFO:0002948',15,'female','homozygote','2007-12-16 00:00:00','unknown');
INSERT INTO `live_sample` VALUES (28660,'clone 1','EFO:0002948',15,'female','homozygote','2008-01-30 00:00:00','unknown');
INSERT INTO `live_sample` VALUES (28661,'clone 1','EFO:0002948',15,'male','homozygote','2007-12-16 00:00:00','unknown');
INSERT INTO `live_sample` VALUES (28663,'clone 1','EFO:0002948',15,'female','heterozygote','2007-12-16 00:00:00','unknown');
INSERT INTO `live_sample` VALUES (28665,'clone 1','EFO:0002948',15,'male','homozygote','2007-12-16 00:00:00','unknown');
INSERT INTO `live_sample` VALUES (28666,'clone 1','EFO:0002948',15,'female','homozygote','2007-12-16 00:00:00','unknown');
INSERT INTO `live_sample` VALUES (28667,'clone 1','EFO:0002948',15,'male','homozygote','2007-12-12 00:00:00','unknown');
INSERT INTO `live_sample` VALUES (28668,'clone 1','EFO:0002948',15,'male','homozygote','2007-12-12 00:00:00','unknown');
INSERT INTO `live_sample` VALUES (28669,'clone 1','EFO:0002948',15,'male','homozygote','2007-12-12 00:00:00','unknown');
INSERT INTO `live_sample` VALUES (28671,'clone 1','EFO:0002948',15,'female','homozygote','2007-12-14 00:00:00','unknown');
INSERT INTO `live_sample` VALUES (28672,'clone 1','EFO:0002948',15,'female','heterozygote','2007-12-14 00:00:00','unknown');
INSERT INTO `live_sample` VALUES (28673,'clone 1','EFO:0002948',15,'female','heterozygote','2007-12-17 00:00:00','unknown');
INSERT INTO `live_sample` VALUES (28674,'clone 1','EFO:0002948',15,'female','homozygote','2007-12-17 00:00:00','unknown');
INSERT INTO `live_sample` VALUES (28675,'clone 1','EFO:0002948',15,'male','homozygote','2007-12-17 00:00:00','unknown');
INSERT INTO `live_sample` VALUES (28676,'clone 1','EFO:0002948',15,'male','homozygote','2007-12-16 00:00:00','unknown');
INSERT INTO `live_sample` VALUES (28678,'clone 1','EFO:0002948',15,'male','homozygote','2007-12-16 00:00:00','unknown');
INSERT INTO `live_sample` VALUES (28679,'clone 1','EFO:0002948',15,'female','homozygote','2007-12-16 00:00:00','unknown');
INSERT INTO `live_sample` VALUES (28680,'clone 1','EFO:0002948',15,'male','homozygote','2007-12-17 00:00:00','unknown');
INSERT INTO `live_sample` VALUES (28681,'clone 1','EFO:0002948',15,'female','homozygote','2007-12-12 00:00:00','unknown');
INSERT INTO `live_sample` VALUES (28683,'clone 1','EFO:0002948',15,'female','homozygote','2007-12-13 00:00:00','unknown');
INSERT INTO `live_sample` VALUES (28684,'clone 1','EFO:0002948',15,'male','homozygote','2007-12-13 00:00:00','unknown');
INSERT INTO `live_sample` VALUES (28686,'clone 1','EFO:0002948',15,'male','homozygote','2007-12-13 00:00:00','unknown');
INSERT INTO `live_sample` VALUES (28687,'clone 1','EFO:0002948',15,'male','homozygote','2007-12-13 00:00:00','unknown');
INSERT INTO `live_sample` VALUES (28688,'clone 1','EFO:0002948',15,'female','heterozygote','2007-12-16 00:00:00','unknown');
INSERT INTO `live_sample` VALUES (28701,'clone 1','EFO:0002948',15,'female','homozygote','2008-07-17 23:00:00','unknown');
INSERT INTO `live_sample` VALUES (28702,'clone 1','EFO:0002948',15,'female','homozygote','2008-07-17 23:00:00','unknown');
INSERT INTO `live_sample` VALUES (28704,'clone 1','EFO:0002948',15,'male','homozygote','2008-07-17 23:00:00','unknown');
INSERT INTO `live_sample` VALUES (28705,'clone 1','EFO:0002948',15,'male','homozygote','2008-07-17 23:00:00','unknown');
INSERT INTO `live_sample` VALUES (28706,'clone 1','EFO:0002948',15,'male','homozygote','2008-07-17 23:00:00','unknown');
INSERT INTO `live_sample` VALUES (28707,'clone 1','EFO:0002948',15,'female','homozygote','2008-07-14 23:00:00','unknown');
INSERT INTO `live_sample` VALUES (28708,'clone 1','EFO:0002948',15,'female','heterozygote','2008-07-14 23:00:00','unknown');
INSERT INTO `live_sample` VALUES (28709,'clone 1','EFO:0002948',15,'female','homozygote','2008-07-17 23:00:00','unknown');
INSERT INTO `live_sample` VALUES (28711,'clone 1','EFO:0002948',15,'female','homozygote','2008-07-17 23:00:00','unknown');
INSERT INTO `live_sample` VALUES (28712,'clone 1','EFO:0002948',15,'female','homozygote','2008-07-17 23:00:00','unknown');
INSERT INTO `live_sample` VALUES (28713,'clone 1','EFO:0002948',15,'male','homozygote','2008-07-17 23:00:00','unknown');
INSERT INTO `live_sample` VALUES (28714,'clone 1','EFO:0002948',15,'male','homozygote','2008-01-29 00:00:00','unknown');
INSERT INTO `live_sample` VALUES (28715,'clone 1','EFO:0002948',15,'male','heterozygote','2008-01-29 00:00:00','unknown');
INSERT INTO `live_sample` VALUES (28717,'clone 1','EFO:0002948',15,'male','homozygote','2008-01-31 00:00:00','unknown');
INSERT INTO `live_sample` VALUES (28719,'clone 1','EFO:0002948',15,'female','homozygote','2008-01-30 00:00:00','unknown');
INSERT INTO `live_sample` VALUES (28721,'clone 1','EFO:0002948',15,'female','homozygote','2008-01-30 00:00:00','unknown');
INSERT INTO `live_sample` VALUES (28722,'clone 1','EFO:0002948',15,'female','homozygote','2008-02-02 00:00:00','unknown');
INSERT INTO `live_sample` VALUES (28723,'clone 1','EFO:0002948',15,'female','homozygote','2008-02-02 00:00:00','unknown');
INSERT INTO `live_sample` VALUES (28724,'clone 1','EFO:0002948',15,'female','homozygote','2008-02-02 00:00:00','unknown');
INSERT INTO `live_sample` VALUES (28726,'clone 1','EFO:0002948',15,'male','homozygote','2008-01-31 00:00:00','unknown');
INSERT INTO `live_sample` VALUES (28727,'clone 1','EFO:0002948',15,'female','homozygote','2008-01-29 00:00:00','unknown');
INSERT INTO `live_sample` VALUES (28729,'clone 1','EFO:0002948',15,'female','homozygote','2008-01-30 00:00:00','unknown');
INSERT INTO `live_sample` VALUES (28730,'clone 1','EFO:0002948',15,'female','homozygote','2008-01-30 00:00:00','unknown');
INSERT INTO `live_sample` VALUES (28731,'clone 1','EFO:0002948',15,'male','homozygote','2008-01-28 00:00:00','unknown');

DROP TABLE IF EXISTS `phenotype_parameter_type`;
CREATE TABLE IF NOT EXISTS phenotype_parameter_type AS SELECT DISTINCT parameter_stable_id, observation_type FROM observation;
